dataset_model,offload_gb,concurrency,files,completed_requests,failed_requests,median_ttft_ms_n,median_ttft_ms_median,median_ttft_ms_p05,median_ttft_ms_p95,median_ttft_ms_min,median_ttft_ms_max,median_tpot_ms_n,median_tpot_ms_median,median_tpot_ms_p05,median_tpot_ms_p95,median_tpot_ms_min,median_tpot_ms_max,median_itl_ms_n,median_itl_ms_median,median_itl_ms_p05,median_itl_ms_p95,median_itl_ms_min,median_itl_ms_max,median_e2el_ms_n,median_e2el_ms_median,median_e2el_ms_p05,median_e2el_ms_p95,median_e2el_ms_min,median_e2el_ms_max,p95_ttft_ms_n,p95_ttft_ms_median,p95_ttft_ms_p05,p95_ttft_ms_p95,p95_ttft_ms_min,p95_ttft_ms_max,p95_tpot_ms_n,p95_tpot_ms_median,p95_tpot_ms_p05,p95_tpot_ms_p95,p95_tpot_ms_min,p95_tpot_ms_max,p95_itl_ms_n,p95_itl_ms_median,p95_itl_ms_p05,p95_itl_ms_p95,p95_itl_ms_min,p95_itl_ms_max,p95_e2el_ms_n,p95_e2el_ms_median,p95_e2el_ms_p05,p95_e2el_ms_p95,p95_e2el_ms_min,p95_e2el_ms_max,request_throughput_n,request_throughput_median,request_throughput_p05,request_throughput_p95,request_throughput_min,request_throughput_max,output_throughput_n,output_throughput_median,output_throughput_p05,output_throughput_p95,output_throughput_min,output_throughput_max,total_token_throughput_n,total_token_throughput_median,total_token_throughput_p05,total_token_throughput_p95,total_token_throughput_min,total_token_throughput_max,duration_s_n,duration_s_median,duration_s_p05,duration_s_p95,duration_s_min,duration_s_max,median_tpot_ms_median_ratio_vs_offload0,median_itl_ms_median_ratio_vs_offload0,median_ttft_ms_median_ratio_vs_offload0,median_e2el_ms_median_ratio_vs_offload0,output_throughput_median_ratio_vs_offload0
llama,0,1,15,300,0,15,28.366340000502532,27.695980799944664,28.703942249921965,27.623086998573854,28.85231250002107,15,19.480318833331463,19.45961334035195,19.493566540544936,19.458124112955584,19.50427519290043,15,19.48145449932781,19.446339000751323,19.49085470114369,19.444028999714646,19.493685500492575,15,1255.8052865006175,631.3147004486382,2504.0350437999223,631.1074209988874,2505.602673498288,15,28.973780050910136,28.435552064893272,29.390152863179537,28.225159050998627,29.439326147257816,15,19.50923758806947,19.49106721736792,19.51603902423927,19.488362875390088,19.517037009832773,15,19.652300500820274,19.594908998915344,19.81931151360186,19.5847485012564,19.842803549363452,15,1257.1862529515784,632.1357401498062,2507.2177261531215,632.0337032500902,2507.3777925990726,15,0.7960346911864508,0.3992942801846807,1.583762789607421,0.3991839914697327,1.583771142211631,15,50.94622023593285,50.624674453524314,51.124135161459975,50.61756337431552,51.126467398142786,15,253.9350664884778,152.92970931073273,454.5399206173298,152.88746873290765,454.54231781473806,15,25.12453316599931,12.628153743399888,50.08837252759986,12.628087143999437,50.10220957599813,1.0,1.0,1.0,1.0,1.0
llama,0,2,15,300,0,15,60.09885200182907,31.225009649642743,60.431780098952004,30.842631498671835,60.451787498095655,15,20.187993698397932,20.17576434030953,20.210789701175557,20.17515993547051,20.211162980300777,15,20.186932999422424,20.173551499465248,20.20733350145747,20.172029000605107,20.20807200096897,15,1332.053852498575,681.7902913991929,2626.511075950839,672.5585149979452,2626.583691500855,15,61.17545314809831,49.07019116113588,61.4890183445823,43.79941845108988,61.50702665145218,15,20.212285658273302,20.19057851564756,20.223746968539842,20.188785374264096,20.227955837118873,15,20.459858998219715,20.33312987208774,20.556473799715604,20.33249945143325,20.579962998453993,15,1333.2478583983175,686.4248085315376,2627.9541376495763,686.3513978496485,2628.0719693491847,15,1.5085606875640396,0.7629903963826774,2.9390552019708065,0.7624361986112059,2.958989868962726,15,96.54788400409853,93.37814302224834,98.26590883717363,93.36300980468825,98.2903232396388,15,481.2308593329287,292.2253218145654,843.5088429656215,292.01306406809186,849.2300923923024,15,13.257670152001083,6.805041565099964,26.212655649199224,6.759063358000276,26.231703107001522,1.0,1.0,1.0,1.0,1.0
llama,0,4,15,300,0,15,62.14204049865657,54.61227974992653,62.423177299388044,40.631472002132796,62.423751998721855,15,20.498554354837268,20.481811505599758,20.51257035354937,20.477717007942992,20.517178822820274,15,20.47718449830427,20.46206469894969,20.50362914978905,20.449512998311548,20.5097684993234,15,1352.8942814973561,696.8185923999044,2667.740502549168,696.0169649992167,2668.187881999984,15,63.31996354947478,62.87393845948827,64.34963631105347,62.86548294847308,64.92661179872812,15,20.516370370844342,20.497260974606185,20.547905948415355,20.496109135721838,20.556027856453568,15,20.78655949972017,20.7057836011154,21.142505101361166,20.676378001917325,21.26806550040783,15,1353.972365100708,697.9831232228207,2669.993440051221,697.4304451525313,2670.749340300972,15,2.9587910627427565,1.500277828380853,5.745801923466343,1.4998940799922182,5.750652951993569,15,189.36262801553642,183.73280710632662,192.33172499180054,183.69594156370425,192.7720866215814,15,943.8543490149393,574.6064082698668,1649.0451520348404,574.4594326370196,1650.4373972221545,15,6.759517511000013,3.480803267002557,13.330864578902766,3.4778659340008744,13.334274911001557,1.0,1.0,1.0,1.0,1.0
llama,0,8,15,300,0,15,64.65081949863816,63.082296799257165,65.4448160499669,61.45621849827876,65.53599000108079,15,20.918321370939545,20.89920106200453,20.98688657559709,20.897556354787913,20.987909192913285,15,20.886384001642,20.837224699971557,20.937119851987518,20.808506498724455,20.9400595012994,15,1382.068488999721,707.9762753988689,2731.0396113507522,698.0583519980428,2731.1012704994937,15,76.63127555024403,73.38498037854151,77.41386467274424,69.12151215037738,77.60581324891973,15,20.96365126288278,20.91705625173586,20.999804512249053,20.91695866508258,21.00635118062083,15,21.266466497036163,21.19875980184588,21.61137566316029,21.198627501144074,21.792431050926098,15,1394.5320032484233,721.2498345231506,2742.2485401009726,716.2147227993046,2742.251677150489,15,4.84469481378352,2.4572035621613155,9.437010594414632,2.4569182263595293,9.594535247479236,15,310.0604680821453,299.59388429550387,314.58674497960783,299.50227401751954,314.62699783472954,15,1545.457645596943,941.1089643077837,2708.4220405969995,940.9996806956997,2753.6316160265405,15,4.1282270129995595,2.119565912699909,8.139333844199792,2.0845199359973776,8.140279064002243,1.0,1.0,1.0,1.0,1.0
llama,0,12,15,300,0,15,80.64400149851281,74.42659204989468,82.19093649913702,64.71539999984088,82.34398800050258,15,22.31050838888641,22.28572168205248,22.402681508659825,22.26539590317829,22.40533344490008,15,22.213719501451124,22.046395499637583,22.24991964903893,22.03690000169445,22.256895499594975,15,1485.58241200044,765.436826601217,2926.6639755494907,753.3017435016518,2927.3494284989283,15,82.19634824909008,76.05290695440999,83.89563417127647,66.01868824764097,83.99431065081444,15,22.326126645149937,22.291991438455575,22.405583501169147,22.271044496700334,22.409099937401088,15,22.638186498261348,22.450751699761895,22.88840988325319,22.44366699924285,22.90553045040724,15,1487.5620977487415,767.2847077103688,2928.75745327965,755.2015301016581,2929.311113098629,15,6.971490013153676,3.534385292078986,13.509981179964544,3.5342297818351,13.604820667928703,15,446.17536084183524,430.67085486374305,452.66486822134993,430.54079848986527,452.848807600613,15,2223.9053141960226,1353.6695668662514,3877.3645986498245,1353.6100064428433,3904.5835316955377,15,2.868827175003389,1.4804181037005035,5.658692633600731,1.470067154001299,5.658941617999517,1.0,1.0,1.0,1.0,1.0
llama,0,16,15,300,0,15,89.46769700196455,88.45849029967212,90.09659760049544,87.71762849937659,90.25326950177259,15,22.565402709651316,22.528519422596748,22.715125229537595,22.518668322581725,22.71752940159929,15,22.53001299868629,22.463357399647066,22.626535150993732,22.425279499657336,22.63059550023172,15,1511.166600001161,787.2954042992205,2973.8430242014147,787.0858634996694,2973.8847610005905,15,91.0811826992358,90.30658606665384,91.98242521930297,89.8530116506663,92.19033564932033,15,22.572089154780244,22.534567179595356,22.716230878473066,22.525866982294012,22.718193022835948,15,23.128298000301584,22.893923601259303,23.45650543593365,22.878462001790467,23.508849998688675,15,1513.209803251084,789.1713194109434,2975.4536556804123,789.0165817532761,2975.7090941480783,15,6.985894726865019,3.5458809879943134,13.471654623674791,3.5451799005463487,13.47234322513086,15,447.0972625193612,430.7049373229281,454.03008356079727,430.5392156488751,454.19352617564317,15,2228.500417869941,1358.0724184018218,3866.364876994666,1357.8039019092514,3866.562505612557,15,2.86291173599966,1.4845986318003268,5.640347322099842,1.4845227489968238,5.64146265099771,1.0,1.0,1.0,1.0,1.0
llama,2,1,15,300,0,15,258.843326002534,258.1684103504813,259.67536804855627,257.90793299893267,259.72697800170863,15,107.03207103213045,107.01286473716121,107.04098233505562,107.00088716135548,107.04303848028148,15,107.0233950013062,107.0118880001246,107.03017309970164,107.01004700240446,107.03028299758444,15,7001.526882999315,3576.4854741009913,13853.169294048348,3575.9751825025887,13853.842874999827,15,260.8482439976797,260.2561639443229,261.9791951379739,259.77135420362174,262.5068610530434,15,107.05288467696167,107.04467395842903,107.48838837072414,107.03990433382475,108.30128349028405,15,107.22957695033983,107.20692957744177,108.1881238115966,107.20403734885622,110.23412654758431,15,7003.735118448822,3578.057624100693,13864.570668291271,3577.969349900013,13865.35612474654,15,0.14281659851833461,0.07218030966102512,0.2796115520611124,0.0721791620138901,0.27963302483416197,15,9.140262305173415,8.937633787973825,9.239901506808158,8.918607549269042,9.239930804083542,15,45.55849492734874,27.64505860017262,80.24851544153925,27.644619051319907,80.25467812740449,15,140.03974473199924,71.52780313660405,277.0838764213033,71.52231039899925,277.0882820190018,5.494369571045986,5.493603930086377,9.125016692246811,5.575328403425917,0.17941001830645528
llama,2,2,15,300,0,15,467.5533930021629,261.57221295070485,490.522638200855,260.87393250418245,490.934745001141,15,249.07267600001575,246.60758305963685,251.3637830059079,246.59531701611064,251.37528220079193,15,251.35959000181174,251.31943545165996,251.39200885096216,251.31892550052726,251.40141300289542,15,16155.510943499394,8094.298307598729,32246.222817798844,8051.820849501382,32250.310888495733,15,611.1415510964434,263.4670905168605,612.1740880644211,263.1299371998466,612.2342919505172,15,251.3529035098453,247.01793965085665,251.446800150748,246.97652793555818,251.45105140641866,15,251.99985500512412,251.9800155260964,252.06016961161367,251.97954985269462,252.06785004702397,15,16164.839739249874,8100.761394695946,32255.38943728814,8057.874328901381,32258.18008655115,15,0.12381155492198391,0.062031049535209055,0.2471835356707828,0.062009473973197005,0.2483601390580389,15,7.926349161183078,7.88248272347374,7.951806312947829,7.881922921034301,7.9541460858703035,15,39.49588602011286,23.75789197198507,70.94167473751466,23.749628531734455,71.27935990965716,15,161.53581152100378,80.91232141330255,322.41919469389904,80.5282203329989,322.5313604280018,12.337663649052036,12.451598764854646,7.779739170191357,12.128271625952658,0.08209759585043415
llama,2,4,15,300,0,15,615.486469498137,452.3118918026739,754.8065590988699,414.9706829994102,754.9970620020758,15,251.4016659603392,251.34422714885224,251.432977525411,251.333281904769,251.43895099210755,15,251.41798999902676,251.34682289790362,251.44044024855248,251.34370649902849,251.4440819977608,15,16448.545463499613,8260.47077050207,32587.554759601335,8258.367319496756,32683.338326500234,15,756.9529015487205,753.4174791041733,762.3915354695782,753.1272649481252,762.5661206468067,15,251.50504028507405,251.44841383843743,251.6121414907426,251.42515551022544,251.71618995491667,15,252.13005400510158,252.03864023424103,252.34148969044327,252.00474339799257,252.35153979592724,15,16460.884628953136,8266.359430231823,32598.45180203709,8264.358403300503,32696.274985048512,15,0.24440918054852556,0.12285166060942987,0.4851783866412891,0.12255372128524052,0.48521733516272036,15,15.642187555105636,15.176117690714992,15.793575504917829,15.059297988007653,15.831909932693703,15,77.96652859497965,47.05218601341164,139.24619696604998,46.93807525224712,139.25737519170073,15,81.82998672600661,41.221951772599276,162.7983731304019,41.21864276199631,163.19373895999888,12.264360774349592,12.277956963265476,9.904510128074135,12.158041975973683,0.08260440678834612
llama,2,8,15,300,0,15,615.2021174966649,537.3521229499602,622.995469749003,364.1356715015718,638.3285934971354,15,253.1518701745506,253.0220539564799,253.1941066907078,252.95617245161162,253.1950654960755,15,253.03126049766433,252.93600969889667,253.1057113486895,252.92992599861464,253.1137750011112,15,16559.060061998025,8384.004225150784,32764.037404098417,8214.044484502665,32765.462714000023,15,757.4438855979679,598.569721273525,759.2446799855679,544.2311745962799,760.1445061460254,15,253.22000239804166,253.1351295229921,253.3271934205233,253.11463076189006,253.46610480653086,15,253.86967540362093,253.7609150424396,254.28795479991095,253.75122819968965,254.3613505011308,15,16575.02070879782,8411.659842442314,32790.71674672756,8267.112825600634,32793.28245714896,15,0.40330169419460954,0.20387423495135892,0.796149320697927,0.20387349691441053,0.8127654003376444,15,25.812672173380232,25.194081424737092,26.105360475844208,25.07762218598809,26.124580553962584,15,128.65324044808042,78.08383198637046,228.49485504030505,78.08354931821923,233.26366989690396,15,49.59066695700312,25.125550827197728,98.09969369049503,24.607346709999547,98.10004881799978,12.1019208800491,12.114651367023228,9.515766733778586,11.98135996428276,0.08325044573738306
llama,2,12,15,300,0,15,578.1280039991543,573.7789739981963,579.6266475997982,571.8331559983199,579.7782374975213,15,257.2653622936785,257.14325531290314,257.3685452433011,257.11628451608703,257.3878415039256,15,256.91403200107743,256.6684619014268,256.99210805032635,256.5907429998333,257.00651650186046,15,16785.436149002635,8545.97268225225,33262.00144145187,8543.393047497375,33266.92529150387,15,618.1644555039385,616.2139887612649,619.6986794795522,614.9461736484228,620.2211525484018,15,257.277749317412,257.16043286929266,257.37230351178243,257.13277533883934,257.3907195196704,15,257.87194294716755,257.7444178210135,257.9876556220915,257.7038705974701,258.0861324964644,15,16787.294633996862,8547.837498099943,33263.48260579649,8544.895983652532,33268.17539879885,15,0.5997583074900426,0.3028770523479429,1.176195011942816,0.30286231778881323,1.1764801422922604,15,38.38453167936272,37.62083514815455,38.77560718040376,37.61168494756197,38.77698971211824,15,191.32290008932355,116.00191104926212,337.56796842758814,115.99626771311546,337.64980083787873,15,33.34676610599854,17.003983438601427,66.03339495430191,16.999861944997974,66.03660747899994,11.531129538125215,11.565556681504615,7.168890348401373,11.298892618417499,0.08603014654807364
llama,2,16,15,300,0,15,621.1118414976227,617.9326724995917,623.2595908506482,616.4954394989763,623.4659399997327,15,257.5608881935853,257.423945656457,257.70027247284406,257.4042792581285,257.7004938464698,15,257.4838069995167,257.3364339019463,257.5842690479476,257.2757845009619,257.59608049702365,15,16846.94482750274,8598.443363497427,33349.523996300195,8595.94607499821,33350.73017749892,15,630.1987922455738,627.2212066537032,632.3867091304784,625.8261264960312,632.4125052520686,15,257.56408658059127,257.4251142930746,257.7008796648199,257.4056518082568,257.7016018027322,15,258.28614459860546,258.0933457133142,258.5410996131759,258.05355355150823,258.58001055312343,15,16848.63542139974,8600.057143116865,33351.39931274778,8597.728462252053,33352.472705346736,15,0.6005669425747044,0.3035072765281263,1.176123555645042,0.30350189633876573,1.1761958486730548,15,38.436284324781084,37.613032987326875,38.853007437771446,37.61027152668362,38.858637168567796,15,191.58085468133072,116.24328691027239,337.5474604701271,116.24122629774727,337.56820856916676,15,33.301866257002985,17.005016128101126,65.89627844009883,17.003970913996454,65.89744657699339,11.413972598123651,11.428480179506794,6.942302778666407,11.148304116495028,0.08596850740752775
llama,4,1,15,300,0,15,490.2349869989848,489.39760654866404,490.9360656525678,489.2254159967706,491.214043002401,15,195.04860860321233,195.02553250644152,195.05578459053842,195.01736314510532,195.05826121258713,15,195.03413350321352,195.0245031977829,195.03881320124492,195.02063500112854,195.03943200106733,15,12778.533610002341,6535.419440850455,25262.7715371018,6535.289835497679,25262.90509500177,15,492.31956005241955,491.62286807986675,493.42782108346,491.54734794574324,493.94828410258924,15,195.06688541666898,195.0563754910732,195.12300459808063,195.0502659998869,195.18998430824243,15,195.3082592015562,195.27617818519502,195.38486082728923,195.2702529993985,195.38796130109404,15,12780.783963551221,6538.8156327807155,25269.86510921204,6538.389548556006,25277.719502046966,15,0.07825730080443755,0.03958178888295351,0.15298975655200772,0.03957994068563101,0.15300175793469253,15,5.008467251484003,4.895101274923489,5.06677716401392,4.894920980269154,5.066878664781831,15,24.96407895661558,15.159825142171195,43.90806013042622,15.159117282596677,43.91150452725676,15,255.5672096329945,130.72770689680112,505.2828733393006,130.71745233500405,505.3064672039982,10.01259837028323,10.011271669163255,17.282278467729707,10.175569212334302,0.09830890747713378
llama,4,2,15,300,0,15,875.1476885008742,494.6639117501036,890.1231736490445,494.4962109984772,921.5079259956838,15,481.10883156298615,474.090590691999,483.44502384029545,474.08648240337743,483.4601472637902,15,483.46277099699364,483.4195998508221,483.5331452519313,483.4164705025614,483.5412530010217,15,31041.685307500302,15543.958503700196,61985.21549289762,15483.655634499883,61985.25714849893,15,1162.8918398473616,496.93436881902016,1163.962311357609,496.9283197006007,1163.9823052486463,15,483.5105213960431,483.37848408897514,483.6493676663425,483.3299551072005,483.6559462952972,15,484.37352605033084,484.29637165841996,484.45714631594456,484.29406540417403,484.4753075052722,15,31056.749061543815,15580.872659091474,62002.0185907276,15580.6851209054,62002.65383004735,15,0.06442626061936157,0.03226748113769552,0.12861878826893122,0.03226707771600254,0.12872754051252422,15,4.123280679639141,4.109223109305866,4.135591942911229,4.109215208549433,4.1358732226161194,15,20.551977137576344,12.358445275737385,36.913592233183266,12.358290765228972,36.94480412709445,15,310.43242006799846,155.49832488899992,619.8190653926008,155.36690843599354,619.826814688,23.83143361101632,23.949292892131073,14.561803750831041,23.303626388133214,0.04270710562091764
llama,4,4,15,300,0,15,1169.2433950011036,767.0887443004176,1452.972770449196,739.351420001185,1453.3917285007192,15,483.2292812795394,483.1595640806545,483.2918124997833,483.14286648412,483.3127936288938,15,483.248298001854,483.1811224004923,483.2949188486964,483.1558859987126,483.3114175016817,15,31893.84871150105,15844.409504403666,62538.83383774955,15813.356642000144,62542.94812800072,15,1456.1585152514454,1368.897660083021,1463.2525489315958,1187.7543823524322,1463.9947866500734,15,483.3581315661685,483.295275724808,483.4696921133992,483.28799868192056,483.53653221289983,15,484.2223391489824,484.13397776639613,484.429396153173,484.07264975139697,484.51843010079756,15,31902.175368748794,16065.45707823745,62550.9925939759,15861.271101450257,62551.2122422504,15,0.12577502993060038,0.06399642084741146,0.2525175547424842,0.06399212335697474,0.2528139554230946,15,8.090046573539027,7.832875791045743,8.231996103014787,7.832857898293718,8.239816851633984,15,40.122234547861524,24.51062918455859,72.47253821109298,24.508983245721325,72.55760520642815,15,159.0140746620018,79.2024610799992,312.5174779123983,79.10955693299911,312.53846490499564,23.57382247131523,23.599352637657397,18.81565821814913,23.574531393688485,0.042722508967689615
llama,4,8,15,300,0,15,1171.4281790009409,1165.3072241511836,1172.2349183015467,1162.4994019985024,1172.3966645004111,15,486.35483111115354,486.25800500592715,486.47468563504515,486.24045594445465,486.5180320354173,15,486.2383379986568,486.1366053002712,486.3468413499504,486.1278524986119,486.37379450156004,15,31800.80448750232,16233.450309399268,62944.87178944946,16232.66509700261,62945.99605350231,15,1454.3765750964667,1368.6769804777214,1455.755529317721,1182.4620940005846,1456.685484151967,15,486.43838987253173,486.33567003686096,486.53986045852787,486.29967103214204,486.5751613709548,15,487.3649369463237,487.2712590527226,487.5177122770765,487.21020155026054,487.62835609923053,15,31826.782818951324,16261.197183116237,62971.086042409115,16260.011089045654,62971.99139874792,15,0.2100066402655879,0.10612639617152549,0.4111266280931473,0.10612577693793795,0.4111322116669617,15,13.440424976997626,13.153325054555427,13.585227430925908,13.152322513399442,13.586530320713862,15,66.99211824472255,40.64640973369426,117.99334226273328,40.64617256723024,117.994944748418,15,95.23508387499896,48.64681252669834,188.4545289558977,48.64615185200091,188.4556285669969,23.25018449075051,23.28015888056213,18.119309052619457,23.009572058558625,0.04334775426268405
llama,4,12,15,300,0,15,1074.0211815027578,1070.3062263495667,1186.1924346459996,1070.1757914976042,1444.1134549961134,15,493.13566132261786,492.8814427822691,493.30086373142876,492.87281177420215,493.35992428738007,15,492.6072419984848,492.33400900011475,492.78510514996015,492.24925999806146,492.7997039994807,15,32135.307473003195,16354.322377450808,63719.81151460095,16351.382724998984,63725.835565503075,15,1174.0722650491082,1170.3986114089278,1261.841960952588,1170.298616298169,1463.0487827500474,15,493.1540741114722,492.8925333761042,493.31254221873473,492.8884736145612,493.3640870747881,15,494.0040695033531,493.7589756521993,494.22158821180346,493.7293964499986,494.22331000132544,15,32136.814991245046,16356.51578037694,63721.58813608857,16353.482556547171,63727.4940464471,15,0.3127924061170785,0.15789213886870548,0.6136274814488062,0.15789163775252163,0.6136659036899976,15,20.018713991493023,19.632000879782126,20.21267493881547,19.62907760820518,20.213062576731527,15,99.78077755134804,60.4726891867142,176.1110871758074,60.472497259215785,176.1221143590293,15,63.94017120899662,32.59306442140296,126.6687508535004,32.59102368200547,126.66915287399752,22.103291091666236,22.175810852671702,13.318054183144227,21.631453908861758,0.04486736774016856
llama,4,16,15,300,0,15,1153.36495000156,1150.616614399405,1155.760194301547,1149.9695995007642,1156.3025935029145,15,493.5277494527484,493.26378732474683,493.7184684839233,493.1193211935264,493.83273930640917,15,493.35381950368173,493.12205529822677,493.4704305491323,493.092438999156,493.5002109959896,15,32241.540552502556,16443.92311900301,63836.22674664948,16441.56601600116,63842.78083299796,15,1183.6369571519756,1181.6375847148813,1186.336103725662,1181.6224110967598,1186.7657393991979,15,493.5338145121989,493.26487595684193,493.72132432387934,493.1206970969792,493.83464345011174,15,494.3982871987828,494.1418971800522,494.7346218675011,493.8341660494188,494.76337709711515,15,32243.599667898892,16445.66230403194,63838.11846974825,16443.13566810415,63844.51133314651,15,0.31322980134291334,0.15825178923567543,0.6136599354673914,0.15825138001387112,0.6137439078834309,15,20.046707285946454,19.626302328497886,20.256597459802272,19.626080315221873,20.256888153462555,15,99.92030662838934,60.61043527726369,176.12040147914132,60.61027854531264,176.1445015625447,15,63.850884922998375,32.59134091140076,126.38087756639797,32.58688150400121,126.3812043739963,21.87099232408844,21.897626935787784,12.891412081125035,21.33553014768708,0.04483746371647343
llama,8,1,15,300,0,15,948.4868779982207,948.2784552499652,949.4386416467023,948.0418254970573,949.4802184999571,15,364.7151707204547,364.7009331386793,364.72358951143076,364.7008989515128,364.7255989055238,15,364.68786900513805,364.67994979102514,364.69944910058985,364.6786204990349,364.7012844958226,15,23925.822348501242,12254.208962502162,47268.87878909547,12254.097151497263,47270.14882850199,15,952.2022857046977,950.8669525713776,953.8480596002773,950.8147193409968,955.3732002379547,15,364.7401617848594,364.7307777038987,364.80083491327196,364.7222916679663,364.8962474421311,15,365.1317566567741,365.0927346861863,365.1741863202915,365.091515849781,365.2003243507352,15,23929.81794549778,12257.888787874908,47278.62739343713,12257.545073708025,47284.121362301084,15,0.04179460731184227,0.02115492974300787,0.08160225574097045,0.021154757629277158,0.08160236849412965,15,2.6748548679579054,2.611108758897628,2.707924977800948,2.610955489206827,2.7079302571117703,15,13.332479732477683,8.102338091572015,23.419847397658522,8.102272172013151,23.41987975781521,15,478.53063556199777,245.09126394130874,945.406117795204,245.09092528899782,945.4138095310045,18.722238267292376,18.719745438808037,33.43705525568041,19.05217521035613,0.052503499878314916
llama,8,2,15,300,0,15,1673.0717804966844,955.330149497604,1784.3303030967945,954.3291285008308,1784.8329709959216,15,937.3504348503936,923.4413665547523,941.994761889825,923.4315131290068,942.0187628549626,15,942.0284094958333,941.9464451464592,942.0506455004215,941.9250184946577,942.0683205025853,15,60444.19999600359,30154.712385895982,120726.82110059832,30153.421629998775,120727.56058549567,15,2250.191891899158,960.4440927640826,2252.6993759204197,958.5052551919944,2252.84411659959,15,942.0736320753002,937.8083705607108,942.3027651585336,937.7578463134441,942.3120111206381,15,943.3256554984837,943.2194140216598,943.4262723567372,943.1756885518553,943.4510205450351,15,60658.17606349956,30166.47861888341,120812.63351547692,30166.06287354516,120935.22938264723,15,0.03307201958230697,0.01656330166023462,0.06632033099225466,0.01656284443979347,0.06632076131340468,15,2.120044088293564,2.1103396453054137,2.1222505917521493,2.1074029928700244,2.12226436202895,15,10.549974246755923,6.343744535869858,19.033934994777084,6.3435694204408986,19.034058496947143,15,604.7408127050003,301.56664933859577,1207.4887251826017,301.5646926229965,1207.5220577419968,46.43108418073161,46.66525665502461,27.838664546300574,45.37669395469749,0.0219584728361687
llama,8,4,15,300,0,15,2264.6589529977064,971.7840003999299,2829.74242575292,971.017005496833,2830.6847010026104,15,942.1757927440464,942.0449022562653,942.3206425555368,942.0299691825807,942.331935491922,15,942.1830185019644,942.0287615503184,942.2751216974575,941.9717980053974,942.2934574977262,15,61616.620908993355,31467.929434600956,121948.86008334943,31467.227017506957,122007.95085250138,15,2839.153685692145,2174.1284669999736,2849.929467828115,1958.1048857966387,2851.2138257035986,15,942.3314634579818,942.160516441578,942.6944569647858,942.159156822313,942.782411054847,15,943.4856079489691,943.4238482893124,943.828829568447,943.3899233525153,943.8719599929755,15,61622.99452023799,31474.43000828367,122108.37009487506,31474.25111741104,122499.88890000095,15,0.0649960128079585,0.032820141521317625,0.1277107958720184,0.03280741615409143,0.12845037300281487,15,4.159744819709344,4.017853721201634,4.231433442897782,4.017587927199247,4.237167774247465,15,20.73372808573876,12.57011420266465,36.65299841526928,12.565240387017019,36.865257051807866,15,307.71118313200714,156.60607524359656,609.3819332216997,155.7021558790002,609.6182614949939,45.96303604803774,46.01135564217763,36.44326666496678,45.54429843608868,0.021967084336028828
llama,8,8,15,300,0,15,2263.615078991279,2261.940348002827,2440.7235100494286,2261.2403795064893,2844.5599874976324,15,948.1900598228552,947.9153687563758,948.3423746503574,947.8535466773939,948.3462209370093,15,947.9639290002524,947.7972358028637,948.1888337482815,947.7432245039381,948.2066259952262,15,61977.54863549926,31634.46804885316,122852.32871524568,31631.463270503446,123287.37969350186,15,2836.0687848500675,2832.448256128846,2847.5439028575056,2830.8020919597766,2866.0183278479963,15,948.292357646865,948.0755543328005,948.4775872306802,948.0676814604233,948.492295032315,15,949.5362740046403,949.205497496514,949.7224196354364,949.185431990918,949.7836594484397,15,62012.082219740114,31666.27490674873,122894.99653427374,31664.038702139078,123306.08496054847,15,0.10775282197967004,0.05441326740495116,0.21103562027397252,0.054326493275906364,0.2110561140745281,15,6.896180606698882,6.751990271664445,6.970389502468498,6.751767549174987,6.970686532359241,15,34.37315021151474,20.840281416096293,60.5672230186301,20.807046924672136,60.573104739389564,15,185.6099880499969,94.77073138109846,367.557817644703,94.76152864700998,368.1445054520009,45.3282098027289,45.38669445729464,35.012937137462906,44.84405015293839,0.022241405521170328
llama,8,12,15,300,0,15,2050.6413350012735,1685.2271331976226,2291.1706448045143,1685.0363649937208,2847.537491499679,15,959.1179376338699,958.7393330548836,959.2538934251877,958.3447822097373,959.2588945118001,15,958.392210501188,957.8317999483261,958.5419912044017,957.6834394974867,958.5615485048038,15,62469.40400850144,31779.690536300768,123872.4407997499,31776.482948000194,123873.41875050333,15,2270.8889533991173,2239.9406445769273,2450.1044858008386,2234.98835429491,2858.078919707623,15,959.1232406806811,958.8444183572458,959.2572453731004,958.6694564837671,959.2619409921142,15,960.2118729926588,959.9079781563341,960.4554615677625,959.7564379531832,960.5557109425717,15,62471.36419855451,31781.075278031276,123874.54622258105,31777.791915151465,123875.25898249369,15,0.16071417337392577,0.08112169669712604,0.31538404854063234,0.08111968399346692,0.3154083226451772,15,10.285707095931249,10.025449425375005,10.388589832101932,9.873929970237436,10.3984668458627,15,51.26782130628232,31.069609834999277,90.51522193116149,31.06883896949783,90.52218859916586,15,124.44453143200371,63.414748283305386,246.54316686629463,63.40986766699643,246.5492839149956,42.989515116187924,43.14415739509903,25.42831824930079,42.050446682646204,0.023053059399166218
llama,8,16,15,300,0,15,2187.832780997269,2183.9368442451814,2191.8721169080527,2182.6756699956604,2192.2520860098302,15,959.4462378583386,959.2121177452716,959.5756119441764,959.1637273547202,959.6237153621867,15,959.2260434947093,959.0187581488863,959.4407850512653,958.9029995040619,959.4797809913871,15,62633.405180509726,31921.114858001238,124053.08050419699,31919.93039150111,124054.16595150018,15,2292.6592621435707,2289.6776962278823,2295.5697658748254,2289.3331450010014,2295.7427016466686,15,959.4467777007752,959.2145759851866,959.5830644706539,959.166321224151,959.6250978583049,15,960.6185485034075,960.4107217668934,960.9115029341046,960.3889604535652,960.967804952088,15,62635.771433552145,31923.0430796594,124054.43281978187,31921.66878905191,124055.81733364379,15,0.16096023583684277,0.08130882080972995,0.31548951614511667,0.08130764756571135,0.3154993112939886,15,10.301455093557937,10.094568654436495,10.408006637132164,10.094507505255159,10.408390330190329,15,51.34631523195284,31.14127837012657,90.54549113364848,31.14082901766745,90.54830234137474,15,124.25429110499681,63.39354870690149,245.97577240219107,63.391580533003435,245.97932173399022,42.51846289665282,42.57547670081865,24.453885081553267,41.44705499741829,0.023040747410328508
llama,12,1,15,300,0,15,1411.2014370039105,1410.495727248781,1412.3257579558413,1410.4654085022048,1412.4656540006981,15,539.4681339127443,539.4629695393626,539.5074588305556,539.4625940196736,539.5126448709034,15,539.4200765076675,539.4151516520651,539.4641963532194,539.4129784981487,539.4725574951735,15,35397.891218999575,18134.91380390842,69924.7458558013,18134.751290504937,69925.03584550286,15,1414.4613699514593,1413.0093199357361,1415.5940695678873,1412.9544623021502,1415.6366837501992,15,539.5055388110147,539.477629131364,539.64471527019,539.4744737046794,539.7780373546994,15,540.1607050036546,540.0647158941138,540.2354983019904,540.0629791984102,540.2483093443152,15,35402.1177510047,18138.653303763058,69927.79740243022,18138.626572905923,69928.74155725585,15,0.028249728193697095,0.014301075982436679,0.05513972567587917,0.014301042175313836,0.0551403549382365,15,1.807982604396614,1.7643945776507586,1.8305731332399604,1.764319837517941,1.8305885756585072,15,9.011663293789374,5.477312101273248,15.825101268977324,5.477299153145199,15.825281867273874,15,707.9714134899987,362.7148984867963,1398.4961708203032,362.710759160007,1398.499476809011,27.692982775502454,27.688901592346696,49.749154701625585,28.187404209483848,0.03548806164665042
llama,12,2,15,300,0,15,2485.536605512607,1420.306221752253,2651.3907027547248,1420.1698355027474,2652.349057010724,15,1390.7197243411606,1376.2704693952167,1404.307492403543,1376.2182816290372,1404.3698747637525,15,1404.359817999648,1404.240366351587,1404.4319602413452,1404.2241295028361,1404.450714995619,15,90090.74500450515,44951.72757190012,179966.070172505,44948.41050149262,179966.10364651133,15,3351.018624610151,1424.4055595510872,3353.4135548420454,1423.1878091624822,3353.993218523101,15,1404.3795933725366,1378.1815337601931,1404.5401002432125,1378.1808047339457,1404.5636325903906,15,1405.9397939614428,1405.858495668217,1406.0744978765433,1405.8379538590088,1406.1589969103807,15,90119.5463170181,45114.507386229816,180099.79520314475,44959.537402955175,180308.08167720097,15,0.022201170302382816,0.011113187036538987,0.04440087875509268,0.01111206215242083,0.04449291670736284,15,1.421120436025972,1.4163003803369651,1.4238472409065293,1.4162667208520239,1.4240196888720056,15,7.0821733264601185,4.256350634994432,12.743052202711599,4.255919804377178,12.769467095013136,15,900.8534112210036,450.44236392260643,1799.6637708037133,449.5097530140192,1799.845944494009,68.88845643197939,69.56776534800153,41.35747227645815,67.63296006052543,0.014719332802422104
llama,12,4,15,300,0,15,3371.0777105006855,2412.6523295533843,4219.9492792991805,2223.8159150001593,4220.740986987948,15,1404.7226401430275,1404.5372061234252,1404.9412784017516,1404.5322919603982,1405.0580317097258,15,1404.7547450027196,1404.6470056011458,1404.8552457403275,1404.5849940011976,1404.867238496081,15,90987.42527600552,46017.15776479832,181768.7305624524,45956.607222993625,181783.88532549434,15,4213.279409047391,3417.1412564079224,4248.217390153586,3417.105281486875,4250.5168968156795,15,1404.8909499376987,1404.8015443620416,1405.4899025244513,1404.7686259757968,1405.6495377328247,15,1406.4454044535523,1406.221673960681,1406.70515466918,1406.1916601116536,1406.7981245039846,15,91873.79184881429,46659.16125918491,181793.579063934,46060.285924632626,181793.9840950683,15,0.0439599576222815,0.02201838160890369,0.08693681412938677,0.02201735487798997,0.08705418429257895,15,2.813437287826016,2.7227900667659486,2.8266413586951558,2.6948415067424283,2.8319734461579755,15,14.023226481507798,8.433040156210115,24.950865655134002,8.432646918270159,24.98455089197016,15,454.9594922690012,230.05231800979527,908.3319734339982,229.741972341988,908.374330651015,68.52788815380728,68.6009712477342,54.247940419233,67.2539063254096,0.014857405166531513
llama,12,8,15,300,0,15,3372.655000493978,3192.261625849642,3631.4159738074513,2861.509570997441,4230.362917500315,15,1413.5387928413584,1413.4646629653257,1413.8744232744718,1413.442005951149,1414.128013629271,15,1413.313217504765,1413.1469835425378,1413.4774166508578,1413.0707734875614,1413.5311559948605,15,92385.57669201691,47078.97967820027,182864.19650400348,46915.10682849912,182866.9384355162,15,4230.235611263197,3982.468174916867,4266.07446631373,3416.3417043397208,4267.762522630801,15,1413.6677906304437,1413.5632592269708,1414.524800422918,1413.5341672681448,1414.630138923061,15,1415.167857031338,1414.9207967285474,1415.4074018265237,1414.7536040502018,1415.5586575419875,15,92444.80143480614,47207.341477095324,183175.01728270203,47204.32779053808,183755.96184025198,15,0.07228166448428644,0.03652554477881623,0.14170860921081418,0.036524847870679965,0.142033736521105,15,4.626026526994332,4.526403385633616,4.676802008414455,4.518089004937646,4.679824162996366,15,23.057850970487376,13.989283650286618,40.67037084350367,13.989016734470427,40.76368238155713,15,276.69534373198985,141.13500352770205,547.5619904982188,140.81161623899243,547.5724381060281,67.57419812877984,67.66672571918893,52.16724283850759,66.84587444641143,0.014919755993430109
llama,12,12,15,300,0,15,3039.468442002544,3032.838141056709,3042.7697802020703,3031.3007475051563,3043.1348434940446,15,1429.9228649920442,1429.6552859381557,1430.0936215145007,1429.5956455157027,1430.1025158937425,15,1428.9552070113132,1428.688790203887,1429.2464506070246,1428.6616224999307,1429.2744800040964,15,93119.4131589873,47357.04487430339,184660.04811565072,47350.99967500719,184660.85140799987,15,3377.9545356082967,3374.2709759563154,3380.3692803198655,3373.120742704487,3381.905634397118,15,1429.929093889396,1429.6654503238863,1430.0989769158543,1429.6124233384974,1430.1061315003549,15,1431.2986405406264,1430.9245173032105,1431.6722309832403,1430.6659730063984,1431.729494476167,15,93121.01470158377,47358.863869569905,184661.9781069197,47353.371103754034,184662.93076460424,15,0.1078139609016203,0.05441775036508521,0.21161667939143022,0.054417414237101835,0.21164745335380858,15,6.9000934977037,6.770616212825577,6.9659433421546595,6.770326060682137,6.966389063579439,15,34.39265352761688,20.841998389827637,60.733986985340465,20.841869652810004,60.74281911254306,15,185.50473271499504,94.51050946819888,367.527137122507,94.49676659499528,367.52940727499663,64.09189965856336,64.32759749748195,37.689950715783816,62.68209182255701,0.015464981043966063
llama,12,16,15,300,0,15,3253.096448504948,3248.893216003489,3254.8516473107156,3247.4496445065597,3255.0544239929877,15,1430.132909349003,1430.002732844995,1430.3261728014706,1429.924150258528,1430.3559143229522,15,1429.9121414951514,1429.5242709471495,1430.1612322509754,1429.4348014955176,1430.216376495082,15,93352.05008149205,47581.0082305863,184897.2663559558,47576.34801349195,184902.72006750456,15,3415.8091302670077,3412.578392141587,3418.856861354726,3411.7468719399776,3418.8766039456827,15,1430.133873292768,1430.014310719956,1430.3303499508747,1429.9277010971339,1430.362454405094,15,1431.6053000613465,1431.416394865082,1432.1456696632958,1431.374572950881,1432.4549100492732,15,93354.10449735791,47582.67782876865,184898.63838773657,47577.99021847022,184903.95485313347,15,0.10798177660997503,0.05454557204845072,0.21164688645323632,0.054542599883057936,0.21165202183871426,15,6.910833703038402,6.771741913605531,6.982423114779382,6.771508221761285,6.98265122834105,15,34.446186738582036,20.890954094556626,60.74265641207883,20.88981575521119,60.74413026771099,15,185.21643769799266,94.49701973038609,366.6658772537048,94.49472689299728,366.6858573460195,63.377238498709765,63.46699141179052,36.36056987622601,61.77482355778663,0.015457114776539554
llama,16,1,15,300,0,15,1509.9915884929942,1508.9111324501573,1510.2861126404605,1508.8805679988582,1510.3071339981398,15,580.1239639995695,580.105127256144,580.131130699488,580.1011981450082,580.1327644523034,15,580.0722104904708,580.0660957043874,580.0796023439034,580.062598499353,580.0809214852052,15,38058.411056001205,19492.413042749104,75186.53237209655,19492.197780506103,75186.60172249656,15,1513.154601212591,1512.0669299707515,1514.0640217272448,1512.0161709361128,1514.3162905995268,15,580.1521669056023,580.1453352748405,580.1737422104421,580.143897116847,580.1740694616688,15,580.90631384257,580.7623599903309,580.9398835618049,580.7473536668113,580.9416272881208,15,38062.62628379045,19496.35030728692,75194.0570363983,19495.881807834667,75197.59514368634,15,0.026275170395389617,0.013300077631333236,0.051300253037219946,0.013300003106677885,0.05130181628045844,15,1.6816109053049355,1.641552095430221,1.7024275724149112,1.6415404591513643,1.7024300165006057,15,8.381779356129288,5.09392973280063,14.723172621682124,5.09390118985763,14.723621272491574,15,761.1748924569984,389.86162492119473,1503.7506212107924,389.8497450979776,1503.7590472409793,29.780003549375095,29.775610979687663,53.231808843377166,30.305980923247603,0.03300756950206248
llama,16,2,15,300,0,15,2664.5239394856617,1517.1364422494662,2841.564428554557,1516.650108504109,2841.5943419968244,15,1495.740443295304,1473.1153901434043,1503.0559791580529,1473.0355356450966,1503.071231103229,15,1503.0821554973954,1502.963247394655,1503.1745024971315,1502.9452805028995,1503.1804034952074,15,96428.40487250942,48113.61894879228,192635.8739907475,48110.703169499175,192643.88182450784,15,3587.6326154597336,1521.3788228452904,3590.7253065044642,1520.7812171021942,3593.1940378446598,15,1503.090009702165,1489.2638991890306,1503.385502564914,1489.259551401737,1503.458598430969,15,1504.7414724424016,1504.674067202286,1505.0164251540264,1504.6608714794274,1505.1614245952806,15,96459.03421094554,48295.72314345627,192769.8694695771,48148.359307947976,192983.4294430606,15,0.02073290573139753,0.010380170193169065,0.04149045216627171,0.010380131560009916,0.04152022742526,15,1.32864727760832,1.3232536280618892,1.3305232798974735,1.3220198197986026,1.3305580251688969,15,6.613796928315812,3.975605183983752,11.90775977171998,3.9755903874837974,11.916305271049621,15,964.650119916012,482.0387189901987,1926.7506821111892,481.6929299340118,1926.7578531519976,74.09059392632969,74.45817329162388,44.33568779990288,72.39077060708593,0.013761536996004157
llama,16,4,15,300,0,15,3607.5861795106903,2333.6803684491315,4511.519461344869,1541.963390991441,4513.134861495928,15,1502.6478044047033,1502.410698453255,1502.8794056174875,1502.3755000480787,1502.8831408174785,15,1502.6863070088439,1502.5313541962532,1502.8495154503617,1502.4739359942032,1502.9337090090849,15,98264.40041250316,49256.78268460906,194723.76432280143,49252.72375701752,195348.69535750477,15,4507.064029888716,4250.168908831838,4538.2977402128745,3655.3744448450752,4544.404961641703,15,1502.9261938062489,1502.7350368195198,1503.2495579628146,1502.6884307618952,1503.4795087223288,15,1504.4564365394763,1504.2713014724723,1504.7310294800263,1504.2216655012453,1504.761047793727,15,98287.38140560454,49266.02448282152,195368.06495298544,49264.49828348996,195384.87366830377,15,0.04075427274949501,0.02055986378376615,0.081381186146522,0.02050673318159754,0.08138760332502216,15,2.6082734559676806,2.5562605999580974,2.6390125917802076,2.556225398834082,2.648923795814416,15,13.000613007088907,7.8744278291824354,23.356400424051817,7.854078808551857,23.35824215428136,15,490.7460899360012,245.7570477933885,972.7718790116166,245.73766990200966,975.2894243510091,73.30506231772911,73.38344327235428,58.053873843886436,72.63272655993941,0.013773961014914108
llama,16,8,15,300,0,15,3610.246575990459,3569.970371913223,3888.8744726005816,3568.2248295051977,4533.291978514171,15,1511.4660698060516,1511.3204413260858,1511.6372455260553,1511.3042244761127,1511.6636978064273,15,1511.2567929900251,1510.9853807560285,1511.3610727072228,1510.9037729998818,1511.4045525115216,15,98783.18244148977,50424.84946675686,195542.9118228436,50423.56111150002,195548.15887549194,15,4522.6917263367795,3657.7501954873155,4536.4567927519965,3657.1386802155766,4561.832912176033,15,1511.5778608267117,1511.4567551153941,1512.1366402874287,1511.455514516066,1512.327993897141,15,1513.2034809503239,1512.9546270050923,1513.5617721508606,1512.8750299918465,1513.7819019815652,15,98849.31937939109,50482.513024449436,195597.3552790447,50479.79744890035,195600.072530529,15,0.06759041854494297,0.034153320124536236,0.13236424616735662,0.03415303740993471,0.13236453092475775,15,4.32578678687635,4.224310122943352,4.372974997255376,4.198434552759704,4.375637030153073,15,21.561343515836803,13.080721607697381,37.988538650031344,13.080613328004993,37.988620375405475,15,295.899928282015,151.09820498469344,585.5946047898003,151.09787992501515,585.599452252005,72.2556099508937,72.3560762299121,55.842239959023374,71.4748821984825,0.013951429582858997
llama,16,12,15,300,0,15,3254.5278195029823,3250.814999193244,3257.7629872059333,3248.8761595013784,3259.7316000028513,15,1528.8076906509805,1528.5126949561366,1528.9242658047324,1528.5093059127187,1528.9275002902402,15,1527.7748414955568,1527.5862882524962,1528.039325249847,1527.5308674899861,1528.24926750327,15,99561.38471100712,50636.6929974567,197422.36339129886,50635.91404899489,197423.2273880043,15,3619.950854689524,3618.632441300434,3622.7970453508906,3618.484583485407,3622.7980720097553,15,1528.8161515634063,1528.5290611866342,1528.9385236869566,1528.514595254138,1528.9413132099717,15,1530.1212970007327,1529.7705564768694,1530.4636157481582,1529.7466642427025,1530.5698565207422,15,99562.95585798216,50638.48060255681,197424.2961738263,50638.12485254748,197424.95698126295,15,0.1008243851050082,0.050893330496395515,0.19789207609543824,0.05089293400463623,0.1978985868385518,15,6.452760646720525,6.331780888740823,6.514874199596858,6.331360982982229,6.514911540212792,15,32.162978848497616,19.49214558011948,56.795025839390775,19.491993723775675,56.796894422664366,15,198.36471086999518,101.06518868209969,392.97880106189405,101.06186365199392,392.9818626329943,68.52410819165955,68.77618317795694,40.35672534879114,67.01841911075185,0.014462386794612724
llama,16,16,15,300,0,15,3494.8815565003315,3483.7272884499725,3501.204013894312,3482.988946999285,3502.219422007329,15,1528.7454639037605,1525.5500698062988,1529.2684019407616,1525.4711241810996,1529.2747885872063,15,1528.369912499329,1525.3729287001079,1528.7577655384666,1525.3703415000928,1528.797251492506,15,99818.49728799716,50886.626351001905,197249.70694445065,50884.004574487335,197254.16394700095,15,3653.8461680873306,3645.0557634405695,3657.7973086108987,3641.9801109996124,3658.5042477556276,15,1528.747056871737,1525.5505071800326,1529.2699245571614,1525.471346657873,1529.2760294056886,15,1530.268292108667,1527.0597976501267,1530.9658277090057,1526.9290344997899,1531.1637775652343,15,99820.090775688,50888.481483206415,197251.3323548996,50885.73364357435,197255.99198959873,15,0.10095613900798278,0.05112281505072008,0.19786659183346256,0.051122283230121204,0.19786910505001498,15,6.461192896510898,6.330823192423735,6.543947348045091,6.330348733004384,6.5439977446812145,15,32.20500834354651,19.580038164425794,56.78771185620376,19.57983447713642,56.788433149354304,15,198.10583285498433,101.07820535068458,391.21476352750034,101.07692150800722,391.21883328200056,67.7473158167884,67.83706305843887,39.063054863517834,66.05393296008559,0.014451425759358347
qwen,0,1,15,300,0,15,27.84010949835647,27.188482247584034,28.885934806021396,27.16228650388075,29.057953506708145,15,19.53826076200967,19.478171687003325,19.585405700821067,19.466796709645177,19.65908856448462,15,19.533845501428004,19.475158054410713,19.55048254385474,19.4654690058087,19.55336899118265,15,1258.9694135022,631.9595272514562,2511.548599449452,631.7930235018139,2511.5812765070586,15,29.06093570200028,28.449511021608487,30.64596468982927,28.316039751371136,31.32942739102873,15,19.555304007140904,19.511914930532637,19.671519075469835,19.50364434038244,19.889578562663615,15,19.64702905752347,19.61862640288018,20.21287122137437,19.618039445049362,21.15731755257002,15,1260.1485530532955,632.8279781164747,2513.4871350568574,632.4109599445364,2514.1579224553425,15,0.7940964180613173,0.39811496584555156,1.58195652607977,0.3980185518296692,1.5829862484421526,15,50.822170755924304,50.38151037091323,50.97083493110777,50.0455277302614,50.973077542647246,15,254.11085377962152,152.87614688469182,455.6034795109738,152.83912390259297,455.90003955133994,15,25.185858473996632,12.642574748792685,50.23674621299578,12.63434854199295,50.248914046998834,1.0,1.0,1.0,1.0,1.0
qwen,0,2,15,300,0,15,60.19357898912858,41.6855817034957,60.291659949871246,30.856066499836743,60.31906600401271,15,19.193211157485845,19.1569444754148,19.22271837909413,19.146075603202917,19.23429632241154,15,19.154922498273663,19.133262152899988,19.197152504057158,19.133217007038184,19.198104499082547,15,1267.3791635024827,655.2319931550301,2500.406980750995,654.7186730022077,2500.7961300070747,15,60.95874734091922,60.610038475861074,61.20870769089379,60.57007380150026,61.22262985009002,15,19.24035326625134,19.182244176482772,19.2744608653729,19.177089532419654,19.276222698681522,15,19.488384146825407,19.319999363142415,19.800249732797965,19.316980995063204,19.839756992587354,15,1269.353369197779,656.8760354426922,2505.9352375253366,656.708068097214,2506.6896578049636,15,1.5786656019938339,0.8001720834707682,3.0903863822410917,0.800139687682373,3.100868171763924,15,101.03459852760537,97.71612045818188,102.63283746771111,97.57931980797717,102.65879053707268,15,505.1729926380268,307.266080052775,890.0312780854343,307.2536400700312,893.0500334680102,15,12.668927463004366,6.471714517504734,24.994623565595248,6.449806600008742,24.995635522005614,1.0,1.0,1.0,1.0,1.0
qwen,0,4,15,300,0,15,59.84931199782295,39.95374575533788,60.35290814979817,33.87266200297745,60.40901699452661,15,19.305403087249335,19.29157175400178,19.34166556126119,19.290438809548505,19.354855435648783,15,19.276587496278808,19.26107714753016,19.305336500838166,19.26008699956583,19.307723501697183,15,1275.2133550020517,653.2788193988381,2513.1486851983937,641.9919410036528,2513.399316005234,15,61.68290319837979,58.608178048598354,62.82394946771092,53.71300035039895,62.88373919960577,15,19.322949544848385,19.30512790031831,19.470733058864617,19.302211582451868,19.68906116435103,15,19.717881992983166,19.4547609964502,20.120581665760255,19.453970001632115,20.24569900240749,15,1278.028689344501,660.7472673764278,2515.1438976915233,660.4255673977605,2515.1888847009104,15,3.13866354843376,1.5921284206053465,6.110478018508163,1.591914719392252,6.157161194068692,15,200.87446709976064,194.3642400554071,204.52200943141167,194.10458729598759,205.13008157544053,15,1004.3723354988032,611.377313512453,1759.8176693303508,611.2952522466248,1773.2624238917833,15,6.372138871010975,3.273147873095877,12.561800854500326,3.2482501869963016,12.563487074003206,1.0,1.0,1.0,1.0,1.0
qwen,0,8,15,300,0,15,70.9242555021774,70.11155020154547,72.01096449425677,70.05203900189372,72.30406499729725,15,19.679859293636767,19.637552999953304,19.702360583043028,19.632677838671952,19.71400763781505,15,19.63103200250771,19.61130549752852,19.680177646660013,19.605621499067638,19.68740899610566,15,1309.7003805014538,681.5659110994602,2572.8197685464693,681.5408420006861,2574.578464998922,15,82.32184884036542,81.51286677653843,83.65674999527982,81.4040449426102,83.70194685703609,15,19.821411130119703,19.762661858975356,19.95900632734007,19.762176496854902,19.9627114351437,15,20.05680950896931,19.849791334709153,20.41076460176555,19.836628512712196,20.52418945459067,15,1322.4104467466532,691.535294721034,2586.915723184866,690.6499981058005,2587.9435130918864,15,5.120553238656025,2.6075951440102703,9.850713773610128,2.606214990799991,9.859382679220236,15,327.7154072739856,314.7723673526597,334.0752774203938,314.67924674355584,334.12620672965755,15,1638.577036369928,1001.3165352999438,2837.0055667997167,1000.7865564671965,2839.502211615428,15,3.9058279580058297,2.03031040130154,7.669903223996517,2.0285245690029114,7.673963993991492,1.0,1.0,1.0,1.0,1.0
qwen,0,12,15,300,0,15,108.50569449394243,107.99031590067898,109.92467429605313,107.78073099936591,110.0561139974161,15,20.124740626973413,20.054373345215758,20.23994726970252,20.031398871064845,20.240231555190825,15,19.999141004518606,19.948214203759562,20.08612499703304,19.935879492550157,20.087819000764284,15,1376.980438006285,730.7947601024352,2679.322047750611,730.7467940045171,2680.0104295034544,15,110.2956397444359,109.72509450155485,111.48421681966283,109.59903104740079,111.60765045860899,15,20.164289119808622,20.12240016377379,20.25213809798272,20.095053822602026,20.2527540059752,15,20.489220949821174,20.40388393754256,20.837706642923877,20.39902100295876,20.838963495771164,15,1378.8604910456343,732.7971609287488,2680.9781809402193,732.7777155507647,2681.6614260489587,15,7.4455063862398285,3.804943018568032,14.14961461077936,3.80423177820547,14.154363290792935,15,476.512408719349,452.176059395199,487.53127079251396,452.0818342693509,488.07877813099833,15,2382.5620435967453,1461.0981191301244,4075.0890079044557,1460.8250028309005,4076.456627748365,15,2.6861839829944074,1.4134661271964433,5.256320581393084,1.4129918519902276,5.2573032259970205,1.0,1.0,1.0,1.0,1.0
qwen,0,16,15,300,0,15,121.02192750171525,114.08733449934516,124.05670735461172,101.22945100010838,124.8945055049262,15,20.38582950003079,20.284105338683844,20.48740862915934,20.280169758235946,20.489330807121885,15,20.305779493355658,20.260012346989242,20.433894346933812,20.249182998668402,20.436742997844703,15,1405.1548885036027,743.847964800807,2723.4014959976776,730.4616589972284,2724.0103454969358,15,122.65816430008272,116.00448389457597,125.91662582613934,103.10254715150222,126.6174190030142,15,20.41825606107263,20.3485417747288,20.502924302912675,20.347277135442713,20.504783064155156,15,20.802055048261536,20.736283396327053,21.423950402167975,20.73537549440516,21.592842648533402,15,1406.862001652189,745.5631498160801,2725.276987595207,732.3131796547386,2726.112068904331,15,7.468699458230959,3.819509695894071,14.259454650589612,3.81863526091544,14.376151471334722,15,477.9967653267814,453.2295870891322,489.4261207690083,452.56089146818476,489.6164876012907,15,2389.983826633907,1466.6917232233236,4106.722939369808,1466.355940191529,4140.3316237444,15,2.6778423890064005,1.4026182561006864,5.2362742974088174,1.3911929099995177,5.237473241999396,1.0,1.0,1.0,1.0,1.0
qwen,2,1,15,300,0,15,291.4405025076121,290.71396970102796,291.99783265503356,290.68496800755383,292.08780398766976,15,280.2819176350668,280.24784016141433,280.30099244090485,280.2361978709439,280.30222714177376,15,280.2806509862421,280.2326851990074,280.30326115112985,280.22818700264907,280.3102614998352,15,17949.435834001633,8979.331057300442,35889.92366660241,8978.911512997001,35890.57526300894,15,292.5780387420673,292.06245553046756,293.0106545255694,292.03153274356737,293.0626176050282,15,280.37642128657876,280.345765192963,280.47055828650275,280.34389632981816,280.52986286474476,15,281.1520000548626,281.10482355790737,281.17922791541787,281.1028079413518,281.18346999253845,15,17956.058799795574,8982.906130828487,35898.91216627715,8982.549494312116,35898.96032796096,15,0.05571093637726278,0.027863942996288714,0.1113731342161805,0.02786345923045403,0.11137535841227673,15,3.565499928144818,3.5628438915967138,3.566655503873669,3.5623826514096737,3.5667041983485253,15,17.82749964072409,10.699754110574865,32.07546265425999,10.699568344494349,32.0761032227357,15,358.9959404840047,179.57652125150344,717.7735041034059,179.57293502900575,717.7859660059912,14.345284928331436,14.348462567995249,10.46836768098262,14.257245363944076,0.07015638795257856
qwen,2,2,15,300,0,15,843.6923964909511,760.529745912936,844.2742845014436,569.5795340143377,844.3530939985067,15,276.9867759525946,276.9492226826736,277.13217454020776,276.93380131894963,277.15030414495436,15,276.8802105128998,276.84452619287185,276.9209325488191,276.83947849436663,276.94129799783695,15,18294.040348002454,9351.082330007921,36019.1635232477,9159.449122511433,36020.86824199068,15,846.3326870449237,845.3036388126202,847.0181750800111,845.0624483375577,847.0265687123174,15,277.0788335731523,277.01276959234474,277.2200150550869,277.01178033890955,277.2209013162102,15,278.0547999544069,277.8334704975714,279.18492155280546,277.7985335167614,279.3737080632127,15,18300.91971383954,9437.229364864179,36028.00166065703,9437.174691999098,36030.206742713926,15,0.1098458432742714,0.05556758720398903,0.21562310519216676,0.05556527308725675,0.21829042294430442,15,7.030133969553369,6.802709910998481,7.124912768551763,6.802043138960857,7.125087388305549,15,35.15066984776685,21.337953486331788,62.09945429534403,21.33706486550659,62.86764180795968,15,182.07334391400218,92.760478951814,359.9220520668954,91.62106028400012,359.9370414070145,14.431497349757581,14.454781038025793,14.016318860909207,14.434544037670396,0.06958145102771451
qwen,2,4,15,300,0,15,792.6536330051022,729.5578688543173,795.435797504615,729.206219984917,795.4546659893822,15,277.51126020936476,277.02723333773145,277.6230906852848,276.74074690308305,277.6402726269139,15,277.5337989878608,277.44979834969854,277.58750554785365,277.3846420022892,277.5896079983795,15,18281.13824898901,9376.439114350069,36047.90457664931,9330.770903994562,36049.507825504406,15,794.6533041933435,782.926918129815,839.4553354712843,781.1379217979265,839.4912079544156,15,277.6487347921865,277.60558469449245,277.7196438234182,277.5696889311373,277.73533295001556,15,278.4895360629889,278.42999756525387,278.71011115581496,278.42385301482864,278.8050210016081,15,18288.58100575744,9381.056849227025,36052.08420792609,9337.091744948702,36053.95201076026,15,0.2194175786261474,0.11112419717964331,0.4289346994603985,0.11112150521298353,0.4309416339501837,15,14.042725032073434,13.694419351923312,14.250609259286072,13.692268947686609,14.251297757830594,15,70.21362516036717,42.67169171698302,123.53319344459476,42.670658001785675,124.1111905776529,15,91.150399731996,46.627580309213954,179.97880311070475,46.40999714200734,179.98316313000396,14.374797509027562,14.397454893997004,13.244156140574102,14.33574874140147,0.06990796408733904
qwen,2,8,15,300,0,15,954.6889054909116,713.4750851429999,956.7675334066735,523.7951229937607,957.0204420015216,15,279.0422547361346,278.61899477902756,279.10803465043625,277.7877675971174,279.1080687243874,15,278.84107001591474,278.76115330291213,278.98482925229473,278.75899798527826,279.0097999968566,15,18533.878895497764,9467.090505969827,36402.70516304299,9149.671251012478,36403.40562048368,15,968.2534904946806,907.437171927595,970.5849161466176,796.2252622121014,970.8505701099057,15,280.78619572301653,279.65798535213173,282.72643454596795,279.080528872803,282.75297127266026,15,280.02010097698076,279.7959837883536,280.3164285076491,279.783233962371,280.4565160506172,15,18548.94220244896,9556.515169376362,36417.31117846415,9411.485649338283,36422.94162008766,15,0.3612487905567234,0.18369962715649388,0.7080881712178139,0.18369207581342908,0.7296834410170603,15,23.121042165345816,22.35349734993806,23.537481470521136,22.350900048678625,23.576301898172094,15,115.59961297815148,70.54065682809363,203.9293933107304,70.53775711235677,210.14883101291335,15,55.36350715300068,28.256140756595414,108.8733838171931,27.40914604300633,108.87785938198795,14.179077734888043,14.20409635012031,13.460682790834543,14.151235787533004,0.07055219758409323
qwen,2,12,15,300,0,15,1301.346135485801,1215.3423404466594,1303.2969859996228,1023.1064934923779,1303.518021493801,15,281.2821729212732,281.1733223852746,281.3407521995033,281.1424689031311,281.35836925808223,15,280.7864760106895,280.58164238609606,280.9479186034878,280.5703954945784,281.0017010051524,15,19022.29694300331,10016.69536765985,37028.47474524315,10016.659010012518,37030.85744900454,15,1303.233520228241,1217.0159339329985,1304.7646650363458,1024.9554946494754,1305.0969901058124,15,281.6097119808084,281.4667864133937,283.44711308085436,281.46278702689006,283.48555237067967,15,281.9345544994576,281.69464950842666,282.2772053509834,281.58888899633894,282.2961504920386,15,19024.124698097876,10018.69116698581,37030.136509686854,10018.325016602466,37032.708289106085,15,0.5324260473180701,0.27234263524280483,1.0190359338068817,0.2722721151934103,1.0190519557861553,15,34.075267028356485,32.60533384293383,34.90763094309329,32.60126957520863,34.99982435734191,15,170.37633514178242,104.57957193323705,293.4823489363819,104.55249223426958,293.4869632664127,15,37.56390225599171,19.626393278795877,73.43690625950694,19.626084702002117,73.45592473100987,13.97693407011008,14.039926812219015,11.993344142490617,13.81450049540681,0.07150971602174112
qwen,2,16,15,300,0,15,1144.7121195087675,1142.1874412015313,1148.8312192464946,1141.586574492976,1149.1080570121994,15,281.5848753652683,281.4885094127667,281.64060035937837,281.4513568220953,281.6462146191274,15,281.4431360020535,281.3121697399765,281.49256990873255,281.2767444993369,281.5029810008127,15,18886.808495008154,9870.182948358706,36910.78287500277,9869.637816009345,36911.38097598741,15,1146.5914290383807,1143.7975024479965,1150.7233755249763,1143.3050568972249,1151.3013870513532,15,281.82099649660927,281.67598231736383,281.9944660581372,281.67134307130783,282.03954028055796,15,282.54276052466594,282.21806758185267,283.0541197236744,282.2114120499464,283.36683349189116,15,18888.230417412706,9872.283130145952,36912.69452653738,9871.430302660156,36913.123396458104,15,0.5381020463013503,0.27411687409107277,1.0378359608544192,0.2740736103048708,1.037836553892682,15,34.43853096328642,33.200019196121524,35.09464031484672,33.198806597251014,35.096121335179596,15,172.19265481643208,105.26087965097194,298.89675672607274,105.24426635707039,298.8969275210924,15,37.16767133199028,19.270868185698056,72.96157990948996,19.270857173978584,72.97309645300265,13.81277496531809,13.860247822258964,9.458716640358777,13.441086565995127,0.07204762345984203
qwen,4,1,15,300,0,15,557.9175624952768,557.2695059476246,558.485074154305,557.2284660011064,558.5908445063978,15,548.2390760807903,548.1982487227219,548.2890020319812,548.1851482094968,548.2983170323648,15,548.2177959929686,548.1771485501667,548.2393853460962,548.1617789919255,548.2395284998347,15,35097.27531400131,17552.873587497015,70182.62007024823,17552.71818750043,70184.9238664945,15,559.5317107035953,559.0495185946202,560.5745350010693,558.9686908570002,560.6293622462545,15,548.4182043482655,548.3543558809738,548.5332930476493,548.332011996398,548.6219224999954,15,549.4709757105738,549.3539011898974,549.5085044427833,549.3418302590726,549.5150342467241,15,35108.45027435062,17558.76011540815,70212.24210328604,17558.743412948388,70232.73278805063,15,0.028491491832489845,0.014247944523545181,0.05697025221382332,0.014246968196630846,0.056972494623012314,15,1.82345547727935,1.822923710638375,1.8238560551041756,1.822872500291394,1.8238681431413468,15,9.11727738639675,5.47121069704135,16.407432637581117,5.470835787506244,16.408078451427546,15,701.9639448009984,351.0604084779974,1403.7112516263994,351.04659068099863,1403.8074433779984,28.059768612915132,28.0650216032932,20.040063510821078,27.877782365155113,0.03587913405030601
qwen,4,2,15,300,0,15,1644.937580502301,452.93944679579,1646.0441577488382,452.20620799955213,1646.221021495876,15,540.954375393722,540.8231006448716,541.3473379774058,540.7825832742438,541.3557739030371,15,540.8340529975249,540.7897994475206,540.88026989848,540.7885369932046,540.8947795003769,15,35732.84460650029,17220.75162244728,70343.46383615048,17217.479249498865,70344.1831040036,15,1648.2508191111265,971.8931771881039,1649.68242152514,588.7187699030623,1649.8934423027094,15,541.2044394809831,541.0201050422322,541.4842577318749,540.9972257857847,541.5604892886721,15,542.2822666114371,541.9502781980555,546.5532055223593,541.9099678991188,546.6230633457599,15,35743.35148025348,18107.005943074473,70361.48596299376,17364.419248403283,70367.92704844338,15,0.05624206079900684,0.028534140016606507,0.11405067424328902,0.028499896360643977,0.11571475800768577,15,3.6267998555878074,3.4905745201071787,3.6956863103690045,3.4831996213370675,3.7028722562459446,15,17.99745945568219,10.957109766376899,32.846594182067236,10.943960202487288,33.3258503062135,15,355.6057462309982,175.37651554459734,700.9151963800002,172.83880072299507,701.7569378820044,28.18467274470306,28.234729378115077,27.327459309229464,28.19428126603432,0.035896612729122375
qwen,4,4,15,300,0,15,1541.9318529966404,987.2741039493122,1549.3003405055788,481.80909249640536,1549.8478770095971,15,542.0051887540178,541.0103677630456,542.1312457712802,540.403327209905,542.1614948858133,15,542.0339605043409,541.9097054022131,542.133966502297,541.8754425045336,542.1524080011295,15,35576.74481548747,17756.938517248636,70397.59993524785,17283.42358899681,70398.26441199693,15,1550.33612049956,1493.5186549885111,1635.4944512117072,1422.6567603633157,1635.5516002957302,15,542.1605580256343,542.1306912666961,542.2381869390314,542.1194799550509,542.266471533977,15,543.3402749986271,543.1325810335693,543.6051852462697,543.1089141049597,543.625378505385,15,35581.48083934648,18226.908335285334,70403.39676494594,18224.035676052154,70406.30918549286,15,0.11276698919600119,0.05690522061624559,0.2245197599539187,0.05690313880092273,0.2278712756935279,15,7.217171229296084,7.015202425612787,7.299351565886406,7.014741743067143,7.316783301171271,15,36.08543654272038,21.851604716638306,64.66169086672858,21.85080529955433,65.62692739973603,15,177.3568678439915,89.0874549279979,351.4616022024944,87.76885080899228,351.47446031001164,28.075310642542174,28.11877157245681,25.76356856120132,27.898660781693454,0.03592876353823409
qwen,4,8,15,300,0,15,1877.5599985019653,1776.2643738060433,1879.7666852507973,1546.0550034986227,1880.368242491386,15,544.2446788808975,544.1054667377844,544.3278751251365,544.0676099514671,544.3386606349368,15,544.00729349436,543.8879291512421,544.1114205037593,543.8686620036606,544.1178149994812,15,36166.74860999774,18627.918605398736,71004.85907204784,18350.96454199811,71004.87488749786,15,1891.5456754031766,1885.4253246515873,1893.5998439345713,1878.309503840137,1894.2613417988468,15,548.0362495745621,546.0758804767394,551.9079018146998,546.0161635630357,551.9376927241777,15,545.3575685052783,545.2119836101338,546.1237839899695,545.1685837528203,546.1548604500422,15,36180.32780159774,18759.491759209704,71017.78198536274,18753.62181184173,71023.32418580409,15,0.18511690924914218,0.09415302558565741,0.3590822279468781,0.09414569496863716,0.3615365982053461,15,11.8474821919451,11.455328059548572,12.05294062565743,11.45339626164416,12.053777575496504,15,59.237410959725494,36.15476182489245,103.41568164870091,36.151946867956674,104.12254028313968,15,108.0398332120094,55.69865991920524,212.42015248640672,55.319434047007235,212.4366919449967,27.654907017392755,27.711599340516965,26.47274878259841,27.614520961008147,0.03615173998224638
qwen,4,12,15,300,0,15,2555.657129501924,2388.667062742752,2557.0177590496314,2008.3520419939305,2557.1200385020347,15,547.8778689444187,547.7625034181345,547.9887147955186,547.6825916128056,548.0582916451009,15,547.2115730080986,546.9312130495382,547.3523760527314,546.914509992348,547.3818800091976,15,37071.82438649761,19371.042610645236,72144.9516286506,18994.528000497667,72146.76827600488,15,2557.2033991535136,2390.4158541504876,2558.6613001268415,2010.2020335521956,2558.998592743592,15,548.7949041516191,548.1525330704167,553.177585695812,548.1511756673665,553.2158005598186,15,548.7894873476762,548.5297735020868,549.2149207801413,548.5177194917924,549.7060670015344,15,37073.42585210354,19372.936834317807,72146.6900492982,18996.25499210233,72148.36941405083,15,0.2730791460407236,0.1397236575094643,0.5246407554989616,0.13972047802563595,0.5298051390582867,15,17.47706534660631,16.714827561344233,17.886459877245986,16.711512787185196,17.887591948398796,15,87.38532673303155,53.6538844836343,151.09653758370092,53.65266356184421,152.58388004878657,15,73.2388404240046,38.12289786770125,143.1396827203993,37.74972820299445,143.1429399799963,27.224095907605978,27.36175383155015,23.55320742769495,26.922549778683493,0.03667704140921912
qwen,4,16,15,300,0,15,2197.029235001537,2193.6493297020206,2200.812179744389,2192.693398501433,2201.4002934956807,15,548.1109495968051,547.995288583721,548.218259948349,547.9949505197153,548.2525076292786,15,547.8560670017032,547.7589611997246,547.9761112066626,547.6618915054132,547.9849935072707,15,36729.19415149954,19188.22859605134,71806.80733799963,19188.169962995744,71808.63968249469,15,2198.5396889991534,2195.3325211891206,2202.3935893306043,2194.2728024972894,2202.6281305974408,15,548.508860555543,548.2454715771185,549.0657064731814,548.2070067192358,549.1015889225134,15,549.3102281972824,548.988951172214,550.5250360414357,548.9129367051646,550.8423694969679,15,36731.12916470636,19190.289888543193,71808.18039555794,19190.104103846534,71810.34450730367,15,0.2761425429203788,0.14064009458137822,0.5327800870117523,0.1406337889308305,0.5328506598418694,15,17.673122746904244,17.04651707659047,18.00318657962246,17.046497324674444,18.00349879483595,15,88.36561373452122,54.005796319249235,153.44066505938468,54.003374949438914,153.4609900344584,15,72.4263628070039,37.538940808690676,142.20695795720093,37.533968721996644,142.21333402200253,26.886860286748558,26.980302193322327,18.15397655908594,26.138893620911578,0.036973310342010485
qwen,8,1,15,300,0,15,1033.4812660012176,1032.4431037997329,1034.1775519489147,1032.3711899991395,1034.2542485000195,15,1026.8097947007946,1026.7699805873108,1026.8538898645638,1026.7558439523668,1026.872253543313,15,1026.7527289997815,1026.7289141997026,1026.7805891499393,1026.7263095001908,1026.8047709996608,15,65721.55567650043,32863.82531335034,131444.3701733497,32863.64585750016,131446.15285599866,15,1035.1696046001052,1034.3759683551798,1036.3607720887921,1034.3532504497944,1036.6298687498784,15,1026.9900599677428,1026.9081347981107,1027.061121131942,1026.8918109507954,1027.1137113483937,15,1028.57906465033,1028.444386704723,1028.848949270723,1028.3361648502705,1028.8503838522956,15,65732.73007265035,32869.862881985144,131456.58870110725,32869.82803980004,131463.82089100062,15,0.015215500691498143,0.007607939658583926,0.03042782219663355,0.00760779049067916,0.03042847348606559,15,0.9737920442558812,0.9736522981406034,0.9738427035303988,0.9736427930896072,0.9738559534927764,15,4.868960221279406,2.921448828896228,8.763212792630464,2.9213915484207975,8.763400363986891,15,1314.4490217909988,657.2931797314,2628.8326275996997,657.2791109340005,2628.8841713639995,52.553797249821265,52.56275467750176,37.1220259051865,52.2026627268698,0.01916077235135351
qwen,8,2,15,300,0,15,3075.821538001037,839.4502202479998,3077.340645649201,837.4122665027244,3078.001382998991,15,1012.4434472857082,1012.1321768373293,1013.0280162612596,1012.0956861614189,1013.0693805483808,15,1012.0396749989595,1011.9534714509427,1012.1544014493338,1011.8711209997855,1012.2551884996938,15,66856.89666500002,34477.38739969973,131634.9964289475,34474.63733350014,131640.9997314986,15,3081.4447054483026,2406.481167891816,3082.355650460104,841.3267106991043,3082.4483932501607,15,1012.6203107698703,1012.2818598779947,1013.2991839285985,1012.2630924118206,1013.4128850742738,15,1014.3446725514877,1013.9055763103715,1023.9697169199644,1013.8743603054536,1024.0704310997899,15,66870.80809640046,34485.06174576061,131659.96090888177,34483.087974452064,131674.95295104635,15,0.030254920208285685,0.015205065575344723,0.0582986497263555,0.015204187051896013,0.05856340363574961,15,1.9363148933302838,1.8615662261852424,1.9710648364753125,1.861458678966864,1.9813327540943872,15,9.68157446665142,5.838745180932374,16.790011121190382,5.8384078279280684,16.866260247095887,15,661.0495040909991,343.06414321659975,1315.3511196324994,341.5102053219998,1315.4271209459985,52.75008121248274,52.83444373581619,51.09883129821129,52.75208760749762,0.019164869475887813
qwen,8,4,15,300,0,15,2895.913794498483,2251.5987544979,2898.7213609532773,2250.2242624977953,2898.9269800040347,15,1013.8180250322613,1010.905711921007,1013.9039631467947,1010.8765896289813,1013.9232460079791,15,1013.7815700036299,1013.7111328022002,1013.848164249066,1013.6476574989501,1013.8695895002456,15,66535.8188450009,34089.917093699114,131662.27156364731,34089.21805549835,131662.61117599788,15,3052.6832992025447,2850.4223092786924,3054.9962785683965,2850.4030443051306,3055.050387802112,15,1013.9732840603206,1013.913898705448,1014.1405786373035,1013.9124763282989,1014.1421103130625,15,1015.7241473531031,1015.5294879860958,1016.122362754395,1015.469075499277,1016.2801690050401,15,66546.50757245035,34101.40915003285,131669.91946203518,34100.91729195483,131676.84182850062,15,0.0602956627381711,0.030427870433665086,0.11860725475774858,0.030427715812927646,0.11861563734374286,15,3.8589224152429504,3.7685999184216223,3.912253960132908,3.7509601661311573,3.9123321485645928,15,19.29461207621475,11.684302246527393,34.15888937023159,11.684242872164216,34.16130355499795,15,331.6988169920005,168.62374973319893,657.292137608603,168.61183270499896,657.2954776810002,52.51472970807116,52.59134015288403,48.38675162387537,52.17622493052847,0.019210616814363406
qwen,8,8,15,300,0,15,3524.0371319996484,3208.7818303523823,3526.838816448435,2480.0418599988916,3526.9491865037708,15,1016.7070129365519,1016.6175761677638,1016.7913447884844,1016.6054222258202,1016.8074232857354,15,1016.3917370009585,1016.3172623491846,1016.542513047898,1016.3159144976817,1016.6315240021504,15,67582.69820299756,35039.17961795123,132652.27946595007,35036.69092649943,132652.7056585037,15,3538.2042535504297,3463.399318783231,3540.4353280715804,3295.151369299492,3541.2926974462607,15,1024.1490244921085,1020.307164407795,1031.6941067521275,1020.300269580319,1031.7323730211242,15,1018.4945819961287,1018.2273352238917,1018.7894227874858,1018.2158854986483,1018.8173649938108,15,67593.30992995019,35055.448932194486,132669.5682196565,35052.0969962985,132670.0035284477,15,0.09903243530843386,0.050379732454699705,0.1915219658201152,0.05037947833728627,0.1915236542795371,15,6.338075859739767,6.128522154350142,6.449065843310671,6.128468638285712,6.449157816536901,15,31.690379298698836,19.34581726260469,55.158326156193176,19.345719681517927,55.158812432506686,15,201.95403594499658,104.42666414280102,396.9850379455987,104.425743521002,396.9870403599998,51.66231108498277,51.774748106524534,49.68733343829685,51.60164813964681,0.019340182728854235
qwen,8,12,15,300,0,15,4786.034007000126,3504.8835628484085,4788.895819249956,2910.0221205007983,4789.100830003008,15,1023.580312602326,1023.4587181072811,1023.8231068378326,1023.3523059193224,1023.9106667742759,15,1022.6860609982396,1022.282787898439,1022.8874245993211,1022.1884264974506,1022.9681849996268,15,69274.71221850283,36512.06567430054,134783.30714404618,36509.97557650044,134800.17429049985,15,4787.45049779609,3649.1520036560905,4790.442415626567,3387.5477890029288,4790.505350351668,15,1025.4925516651197,1024.2069803325437,1034.1725555211874,1024.1768331023627,1034.362531788593,15,1025.2260015029606,1024.7196576698843,1026.0488979002548,1024.4619612476527,1026.332995003395,15,69276.32079805044,36513.74956808777,134785.46175859642,36511.46042130313,134801.7724498517,15,0.14613422980004667,0.07478439090589621,0.2794780343184945,0.07478089525846497,0.2795016468943994,15,9.352590707202987,8.942690488769513,9.621689437483518,8.94268578319808,9.650899061970737,15,46.76295353601493,28.717206107864147,80.4896738837264,28.715863779250547,80.49647430558703,15,136.86047428700113,71.56197484339646,267.43548722480045,71.55592899800104,267.4479882980013,50.861789057316344,51.13649935100582,44.10859751943541,50.309147687533546,0.01962717137280547
qwen,8,16,15,300,0,15,4092.346240504412,4089.9901721004426,4094.2824435962393,4087.9206619974866,4094.750562995614,15,1023.8481328424957,1023.7005351281146,1023.9663206186942,1023.685583693394,1023.9757104882157,15,1023.520180999185,1023.3358137971663,1023.6382239017985,1023.332324995863,1023.6812550028844,15,68590.05199199964,35828.84246924914,134132.34403729948,35826.62692550002,134136.96531900132,15,4094.700210749579,4092.1640665132873,4096.4392815666,4090.0520849936584,4097.209282544645,15,1024.5548314841196,1024.200137865079,1025.5010847042322,1024.1009940901668,1025.505598791783,15,1025.8169840493792,1025.1608017710168,1026.5127105295687,1024.9643505503627,1026.567740048995,15,68591.75788370303,35830.86653898645,134134.48214981123,35828.23413644801,134138.77136449772,15,0.14774711421611192,0.07524428501514041,0.28506756613313977,0.07524060027042959,0.2850771155873685,15,9.455815309831163,9.121238838214726,9.63216448975527,9.121194445863782,9.632646234692984,15,47.27907654915582,28.89380544581391,82.09945904634425,28.89239050384496,82.10220928916212,15,135.3664340999967,70.15880579089644,265.8009178575012,70.15645559199766,265.81393460599793,50.223520845249354,50.405362735968616,33.814915404040406,48.813161134886364,0.019782174265063734
qwen,12,1,15,300,0,15,1514.1401474975282,1513.638465906115,1514.7345329947711,1513.5867345088627,1514.8735494949506,15,1508.4957861456462,1508.4340961240214,1508.5545890348712,1508.4259921451091,1508.5588167578774,15,1508.3918925010948,1508.29145785101,1508.4411693009315,1508.2642030029092,1508.4540850002668,15,96549.46843049402,48274.887171102455,193098.20778655485,48274.68124650477,193100.99640000408,15,1516.2194705408183,1515.1868523938901,1516.8141180574457,1515.1675839500967,1516.8443025373563,15,1508.6583450603823,1508.5868419368614,1508.8031528139604,1508.5716522811108,1508.8074960079769,15,1510.7609631035302,1510.4601872839703,1510.899129765894,1510.3230295979301,1510.9357031426043,15,96560.1665240014,48284.67750352269,193113.48866876337,48282.25030570611,193118.2463972924,15,0.01035731402583553,0.005178764016227794,0.020714512312895447,0.005178714098181409,0.020714983278865423,15,0.662870914983272,0.6628270916439842,0.6628929644944422,0.662810164375659,0.6628944209652005,15,3.3143404882673693,1.9886453822314731,5.965779546113888,1.988626213701661,5.965915184313242,15,1931.0025697889942,965.5066796808009,3861.925343214297,965.4847281679977,3861.962568472998,77.20727062250985,77.21940323480214,54.38700403053066,76.68928839336357,0.013042947696326048
qwen,12,2,15,300,0,15,4515.420607000124,1222.3925985010283,4519.957692654862,1222.3621660086792,4520.444525500352,15,1487.5099799252257,1487.1321892135431,1488.4018885999526,1487.1185905555778,1488.4539142257117,15,1487.080861501454,1486.997769503796,1487.1840295003494,1486.973819002742,1487.1983444973012,15,96739.97589699866,47436.06493370535,193428.51222419704,47323.92039700062,193435.9696629981,15,4524.819717896025,1225.51531394638,4526.605284959078,1225.1629472455534,4527.985126053682,15,1487.9047070532536,1487.3836648143479,1488.7408145789045,1487.3767985980871,1488.7906261415815,15,1489.5738551043905,1489.2055729963613,1503.674631627,1489.1805803934403,1504.252435847593,15,98261.80083384315,49665.06314109429,193436.47152752907,47328.47380839594,193443.39799280278,15,0.02066887338427565,0.010347783888941909,0.04134298743765133,0.010347440574067833,0.042262445249133494,15,1.3244723934806826,1.269706722677419,1.3497328490813423,1.2670007548252273,1.3523982479722718,15,6.614039482968208,3.9735490133536926,11.906780382043582,3.973417180442048,12.171584231750446,15,967.6386142660049,483.85925643619123,1932.78099195791,473.2333844410023,1932.845118252997,77.5018816663755,77.63439719662018,75.01498802414861,76.33072933726605,0.013109097406061362
qwen,12,4,15,300,0,15,4235.50257300667,3136.428473550768,4255.422739095229,2753.726666996954,4255.877379997401,15,1489.0448643897448,1487.6685744160727,1489.6294188113966,1486.8558654841127,1489.8044442257565,15,1489.0094110014616,1488.856805198884,1489.1256623450317,1488.7997089972487,1489.1432424919913,15,98064.31826298649,49210.816296459234,193364.85182190372,48938.741592515726,193366.08677450567,15,4261.186848000216,4186.832007413323,4486.806001840014,4186.468052156852,4487.071126254159,15,1489.2517556583757,1489.0674292926453,1490.4210485675094,1489.0588091260122,1490.5370118013384,15,1491.468891799741,1491.0476296339766,1492.2137860913062,1491.0100330525893,1492.7263075922383,15,98077.28651708603,50314.889258417534,193376.1495120183,50071.289599536976,193389.17209655483,15,0.04091235375700414,0.020718023414566425,0.08088985887996625,0.020717246077679687,0.08122134432928442,15,2.618390640448265,2.553037933935559,2.6587344191174744,2.55283591981367,2.6638282448946544,15,13.091953202241323,7.955720991193507,23.29627935743028,7.955422493829,23.391747166833916,15,488.84989895200124,247.2515576836886,965.3430547821947,246.24069159600185,965.3792750739958,77.13099061750314,77.24445062119543,70.76944465394587,76.90032250550631,0.0130349599839779
qwen,12,8,15,300,0,15,5184.096974000568,3409.820009408577,5186.67065250047,2768.0160165036796,5187.165412498871,15,1494.375055387331,1482.4661478466105,1494.512163585819,1462.7882469513063,1494.520219940991,15,1493.9624730031937,1493.7900410994189,1494.1023350445903,1493.7713210092625,1494.1246079979464,15,99329.67526800348,50765.59752551111,194998.0605052464,49031.48160350975,194998.55397200736,15,5197.758327297925,4282.864793705521,5199.7670062644465,4255.333525495371,5200.388247454248,15,1505.1889372824614,1494.6759007509077,1516.5745542843729,1494.268180112011,1516.6387396436016,15,1496.5812994953012,1496.205853105057,1497.125710449036,1496.1523231453612,1497.4983144638827,15,99340.66312198993,51203.90543623085,195004.8712093236,50467.978447648056,195006.09113163664,15,0.06739946714630009,0.034283655481230364,0.1320408746551845,0.03428320324906742,0.13601849532752575,15,4.31372834756784,4.170568657248142,4.396327076574939,4.170435664882816,4.414269805756948,15,21.567829486816027,13.16492370479246,38.02777190069313,13.16475004764189,39.17332665432742,15,296.7382510100142,151.52618173391676,583.3683637510898,147.03882697600056,583.3760589610029,75.93423474681641,76.10208535202591,73.09342815507473,75.84152585339592,0.013163031861853717
qwen,12,12,15,300,0,15,7024.16171549703,7020.967515802477,7027.222950691066,7020.348363002995,7027.367223490728,15,1504.1612685327568,1503.9722811980587,1504.366293340162,1503.948307919575,1504.3838677165193,15,1502.9997630044818,1502.6060811476782,1503.2814339981996,1502.4608245003037,1503.2950945023913,15,101788.0305860017,53649.186237945105,198077.8279783015,53647.02012050839,198082.78045449697,15,7025.913943305204,7022.984908701183,7029.097237343085,7021.991491501103,7029.178283919464,15,1507.313413993134,1505.1310226450653,1520.117420549683,1505.0974605611423,1520.1230514774404,15,1505.975049099652,1505.4591489370796,1506.6955583085655,1505.2450245042564,1506.7767649918096,15,101789.78599405673,53651.35096741913,198080.32821161658,53649.29150013486,198085.48913510895,15,0.09944010174343021,0.050883359543043384,0.19018703581897756,0.05088323686773591,0.1901904182855334,15,6.364166511579533,6.085371562723815,6.513603644696636,6.085187457935343,6.51380604868747,15,31.820832557897667,19.53921006452866,54.77386631586553,19.53916295721059,54.77484046623362,15,201.1261015360069,105.15963886070239,393.0558080217044,105.15776862099301,393.0567556460155,74.74189587898155,75.15321596387035,64.73542009252951,73.92118854889432,0.013355720428526825
qwen,12,16,15,300,0,15,5998.0951085162815,5991.949950257549,6002.786872956494,5991.348379000556,6006.808962003561,15,1504.5122081023367,1504.2006921790626,1504.6476830222732,1504.1295039512577,1504.7132912221723,15,1504.0918794984464,1503.5908173609641,1504.3029299456975,1503.5171000054106,1504.310683492804,15,100783.07309601223,52627.635667150025,197080.38572384976,52626.52489700122,197083.81548899342,15,5999.571610073326,5993.727762650669,6004.45026700414,5993.026990801445,6008.416487101931,15,1505.7616240198265,1505.0727559936745,1506.8565756262744,1505.0451608405538,1506.8958564459126,15,1506.775488513813,1506.5267178039358,1507.910341444367,1506.51500516542,1507.9343755875016,15,100785.05963449861,52629.60220833935,197081.90189002096,52628.60231605737,197085.52887659462,15,0.10057984130154966,0.05122294652738265,0.19409854873418153,0.05122283818729118,0.19409868844900197,15,6.4371098432991785,6.210034394419032,6.556793644093633,6.210012963376702,6.5568504472920495,15,32.18554921649589,19.669611466514937,55.90038203544428,19.669569863919815,55.900422273312564,15,198.8470029500022,103.04044069589872,390.45001031611463,103.04036652599461,390.45083614601754,73.80186359844049,74.07210740127493,49.562052367999755,71.72381772328285,0.013466848125841318
qwen,16,1,15,300,0,15,1506.1678844995186,1505.0960937507625,1506.8714732501576,1504.954923002515,1507.1454024991908,15,1499.799305290341,1499.7148685946818,1499.8501799289575,1499.7045561220464,1499.8870915158782,15,1499.7285939971334,1499.6878242993716,1499.8071740998967,1499.6859944999414,1499.841947999812,15,95994.3016544994,47998.11285034852,191980.92349099932,47997.021686499924,191982.6321315013,15,1507.843179849533,1506.686661855456,1511.8079832347325,1506.3269191512518,1517.5221770000235,15,1499.988100331754,1499.867844507762,1501.432360670968,1499.8629499779324,1503.554648637107,15,1501.9796821503405,1501.7631298003198,1503.279576445043,1501.6819336500703,1506.1527248000402,15,96005.5781931008,48009.10387890521,191999.89612251532,48006.54473900003,192000.73349615012,15,0.01041735085636735,0.005208833791789882,0.020833178815879157,0.005208798960136119,0.020833394264826634,15,0.6667104548075105,0.6665876512479749,0.6667502018250144,0.6664502373012949,0.6667584702677155,15,3.3335522740375523,2.0001921760473147,5.999955498973197,2.0001788006922694,6.000017548270071,15,1919.8738984369993,960.0071202611,3839.631057513701,959.9971922850004,3839.656733358999,76.76217057183314,76.77590128822801,54.100645135337366,76.24831916087821,0.013118496217121786
qwen,16,2,15,300,0,15,4492.246019501181,4042.703448501925,4493.794056898696,3000.3262770005676,4493.889409499388,15,1479.4384297698373,1479.0886731500184,1480.1074056887778,1479.0741211889858,1480.1639102419535,15,1478.822068504087,1478.7659566518414,1478.920497150466,1478.7405995011795,1478.9515565025795,15,97695.94882399906,50373.10015299736,192350.77720680094,50372.90440149809,192351.9658844998,15,4499.019209148901,4497.275667257272,4500.432505544159,4497.099949303447,4500.850721702591,15,1479.6789886920456,1479.3385427661424,1480.514435947684,1479.2343178976193,1480.6186992790776,15,1481.6121006038884,1480.876312870132,1495.1359787647743,1480.8510109480267,1495.228588803002,15,97711.75089679527,50383.0765011661,192380.6270485358,50381.04104959966,192384.52806415188,15,0.020641357578207984,0.01040565055382584,0.04016403284267963,0.010405509676814851,0.04035485340516043,15,1.321046885005311,1.2742335173398134,1.3363935606309887,1.2742091928852197,1.3389167677161837,15,6.605234425026555,3.9957698126691223,11.567241458691733,3.9957157158969028,11.622197780686204,15,968.928517624001,497.96276766259615,1922.032639681302,495.60333670899854,1922.0586613420019,77.08133973156536,77.20323946167706,74.62998703420699,77.08502051904507,0.01307519309481262
qwen,16,4,15,300,0,15,3877.6170760029345,2735.236410298967,4228.051114650225,2732.1376930012775,4228.421870000602,15,1481.5185998267561,1479.461730727448,1482.0145274338668,1477.1555385968015,1482.0806849193984,15,1481.4681425013987,1481.3949630486604,1481.589604997498,1481.3944649977202,1481.6499799962912,15,96485.0094295034,48944.788087849156,192390.2622976966,48673.04728599993,192393.51396149868,15,4231.675410903699,4157.0873196506,4461.968593779602,4155.792461749661,4463.172379999014,15,1481.8236724027813,1481.6151732941912,1483.0752112055911,1481.6010290714378,1483.3887928078934,15,1483.8415779500792,1483.379660296705,1484.3998228004057,1483.1773646012152,1484.5134369974403,15,97567.97152949694,49810.26425173538,192415.86052636796,49808.209411396456,192419.63146955168,15,0.04148897047377694,0.02082226603703614,0.0813110096701122,0.020821667182205895,0.0816501824855788,15,2.6552941103217242,2.5668324643510028,2.6701137458975905,2.566220373645912,2.6702570893840356,15,13.27647055160862,7.995750158221877,23.417570784992314,7.995520197967064,23.515252555846697,15,482.05582764800056,245.9709806634986,960.5102524151996,244.94740111000283,960.5378774420096,76.74113786338171,76.85323674573543,64.7896683615007,75.66185615217947,0.013218674073709033
qwen,16,8,15,300,0,15,5168.754426995292,5165.421983751003,5172.373976802919,5164.880689502752,5172.415319502761,15,1486.1807566653804,1486.0308776883817,1486.341076059458,1485.9718353869655,1486.3833863936468,15,1485.833183498471,1485.6340560472745,1485.9366446937202,1485.5478884928743,1485.944098996697,15,98803.71831900266,51238.54133369459,193934.91069489828,51237.439039497986,193946.84439499542,15,5182.078429398098,5179.098098545073,5184.992144331045,5178.255748497031,5185.8027654008765,15,1497.2696154220594,1491.6571730019368,1508.718932090593,1491.6435197433495,1508.7362384162618,15,1488.3969768525276,1487.8248727088067,1488.9590674349893,1487.7446905447869,1489.2326460540062,15,98814.2247650947,51252.02149845318,193950.74169333995,51250.70042769294,193952.88402394872,15,0.06775392091198619,0.03446607922571715,0.1310207512222424,0.03446596121145293,0.13103052285456104,15,4.336250938367116,4.192420970654382,4.412000978924741,4.1923035223655685,4.412180091720116,15,21.68125469183558,13.234974422675387,37.733976352005804,13.234929105197926,37.73679058211358,15,295.18586866700207,152.64757575500408,580.2806831935013,152.6361916619935,580.2826701190061,75.51785480224028,75.6879813200176,72.8771051651943,75.43994014964935,0.013231757928127575
qwen,16,12,15,300,0,15,6940.079141000751,6936.695558702922,7107.05242095064,6936.313438505749,7107.303452503402,15,1494.9596389522499,1494.7530069951279,1511.5898010822827,1494.6035446771402,1511.6045776496005,15,1493.8632210032665,1493.3621861506253,1510.4393237037584,1493.002200993942,1510.4550379983266,15,101121.86888950964,53275.14336380118,199078.529265806,53270.31365849689,199079.17419400474,15,6941.736059741379,6938.570616357974,7108.784158087292,6938.339334157354,7109.154005147138,15,1512.0968067628705,1499.1639294859983,1512.5964233002553,1499.074397495999,1512.6085870602092,15,1497.1090790393646,1496.4747492483002,1513.8965084823576,1496.450195008947,1513.9928401004,15,101123.97077144851,53277.01703798615,199080.49605295446,53272.27588275564,199081.23719964278,15,0.10003189543343849,0.05062478172779128,0.19134573795979623,0.05062470563348424,0.19134646153485732,15,6.402041307740063,6.122851782554116,6.480202450624498,6.122676286486537,6.480473459752328,15,32.01020653870032,19.43991618347185,55.107572532421315,19.439886963257948,55.107780922038906,15,199.936229473009,104.52284024389809,395.0634317311051,104.52244499100198,395.06402555300156,74.28466615607154,74.69636924234611,63.9605061593168,73.43740411877084,0.013435203765093695
qwen,16,16,15,300,0,15,6049.1811575047905,5588.778451194958,6054.234728444862,4527.887500495126,6055.156027498015,15,1511.6522449487409,1511.5568638808709,1511.8227338832135,1511.5454190713028,1511.9163384762712,15,1511.2305660004495,1511.016518449469,1511.4655383455101,1510.9979344997555,1511.4793839966296,15,101286.07575599744,52905.479667297914,198025.60953864886,52903.11223649769,198032.54628000286,15,6050.817697550519,5590.287599775547,6055.863193813639,4529.205678395374,6056.638442797703,15,1512.9011358173254,1512.1754639545125,1514.122147123473,1512.1502082976574,1514.1972424970816,15,1514.055955954973,1513.5066074706992,1514.7718392765819,1513.2501555119234,1514.8119616023905,15,101287.98931255151,52907.248345138505,198027.34235593255,52905.03917825408,198034.43387484222,15,0.10008294649368438,0.050975964595352814,0.19309793105834838,0.050974416089722877,0.19311606253263724,15,6.4053085755958,6.178776352254851,6.532698981524244,6.178653088943554,6.55016983665621,15,32.026542877979004,19.57477040461548,55.61220414480434,19.574175778453583,55.61742600939952,15,199.83424450100574,103.5743882181996,392.34176668690054,103.56466333099524,392.3536851270037,74.15210869621261,74.42366674448256,49.984174623388434,72.0817872710534,0.013400317826872376
