dataset_model,offload_gb,output_len,files,completed_requests,failed_requests,median_ttft_ms_n,median_ttft_ms_median,median_ttft_ms_p05,median_ttft_ms_p95,median_ttft_ms_min,median_ttft_ms_max,median_tpot_ms_n,median_tpot_ms_median,median_tpot_ms_p05,median_tpot_ms_p95,median_tpot_ms_min,median_tpot_ms_max,median_itl_ms_n,median_itl_ms_median,median_itl_ms_p05,median_itl_ms_p95,median_itl_ms_min,median_itl_ms_max,median_e2el_ms_n,median_e2el_ms_median,median_e2el_ms_p05,median_e2el_ms_p95,median_e2el_ms_min,median_e2el_ms_max,p95_ttft_ms_n,p95_ttft_ms_median,p95_ttft_ms_p05,p95_ttft_ms_p95,p95_ttft_ms_min,p95_ttft_ms_max,p95_tpot_ms_n,p95_tpot_ms_median,p95_tpot_ms_p05,p95_tpot_ms_p95,p95_tpot_ms_min,p95_tpot_ms_max,p95_itl_ms_n,p95_itl_ms_median,p95_itl_ms_p05,p95_itl_ms_p95,p95_itl_ms_min,p95_itl_ms_max,p95_e2el_ms_n,p95_e2el_ms_median,p95_e2el_ms_p05,p95_e2el_ms_p95,p95_e2el_ms_min,p95_e2el_ms_max,request_throughput_n,request_throughput_median,request_throughput_p05,request_throughput_p95,request_throughput_min,request_throughput_max,output_throughput_n,output_throughput_median,output_throughput_p05,output_throughput_p95,output_throughput_min,output_throughput_max,total_token_throughput_n,total_token_throughput_median,total_token_throughput_p05,total_token_throughput_p95,total_token_throughput_min,total_token_throughput_max,duration_s_n,duration_s_median,duration_s_p05,duration_s_p95,duration_s_min,duration_s_max,median_tpot_ms_median_ratio_vs_offload0,median_itl_ms_median_ratio_vs_offload0,median_ttft_ms_median_ratio_vs_offload0,median_e2el_ms_median_ratio_vs_offload0,output_throughput_median_ratio_vs_offload0,model
llama,0,32,30,600,0,30,62.06777974966826,27.874339725440223,89.399875224899,27.623086998573854,89.79214650025824,30,20.699034612892238,19.460425033884672,22.550899144334835,19.458124112955584,22.62390545160264,30,20.647090500460763,19.44925635107211,22.51444659877961,19.444028999714646,22.532822998982738,30,697.8832134991535,631.6039894743881,788.6062676489018,631.1074209988874,790.063292000923,30,65.06052467484551,28.69743941944762,91.0815738382189,28.225159050998627,91.64946595083164,30,20.74885212901908,19.49461938325722,22.556931645873014,19.492226221072706,22.63007155313737,30,21.328019526390563,19.801328696248675,23.41606469444741,19.774377999237917,23.508849998688675,30,707.7417587252967,632.33873166173,790.3803586629965,632.0337032500902,792.0387000001938,30,7.555049507520527,1.582356597476548,13.471900552766243,1.58179885544736,13.604820667928704,30,241.76158424065687,50.63541111924953,431.10081768851984,50.61756337431552,435.3542613737185,30,2168.2992086583918,454.13634347576925,3866.435458643912,453.9762715133923,3904.5835316955377,30,2.807372267001483,1.484571530799076,12.63937635520142,1.470067154001299,12.64383264099888,1.0,1.0,1.0,1.0,1.0,llama
llama,0,64,30,600,0,30,63.50271875089675,28.143884249766412,90.02379375024248,27.90981950056448,90.2532695017726,30,20.695181380948007,19.47983522616177,22.56466071509157,19.47438289682886,22.58200104759973,30,20.673480501500308,19.478977024391497,22.525998524815805,19.47349650254182,22.53167249909893,30,1367.7243602505769,1255.544189950342,1511.1970405750071,1255.2054975021747,1511.424148500737,30,69.76416417446671,29.196735909445124,91.713696748011,28.526649950799765,92.19033564932032,30,20.713686105969717,19.4999560569834,22.56819919975449,19.488362875390088,22.586952822183815,30,21.03789024959042,19.642493203928098,23.00426582941327,19.625130498934595,23.1319459999213,30,1373.895445750259,1256.7680305594968,1513.240553283822,1256.1022295491057,1513.3448268001302,30,3.901697485762466,0.7959576881454219,6.986050491712405,0.7957919940321786,6.986795504610454,30,249.70863908879784,50.941292041307,447.1072314695939,50.93068761805943,447.154912295069,30,1244.6414979582266,253.9105025183896,2228.550106856257,253.85764609626497,2228.7877659707347,30,5.443041746499148,2.862847904099908,25.12696397184973,2.8625426329999755,25.132195535999927,1.0,1.0,1.0,1.0,1.0,llama
llama,0,128,30,600,0,30,63.46113849940593,28.261075624232035,89.4137854258588,27.778425501310267,89.99063550072606,30,20.744034972439277,19.48617590118317,22.7112340358263,19.480857877950505,22.71752940159929,30,20.71814424925833,19.488270824513165,22.617799524687143,19.4864700006292,22.63059550023172,30,2699.0280895006435,2503.033522950591,2973.372026601828,2502.76988800033,2973.8847610005905,30,70.77894367448607,28.835588170095438,91.0433640478368,28.54832359989814,91.8308316016919,30,20.757347663776294,19.51306280304952,22.71249131900201,19.510353131871543,22.718193022835948,30,20.9787797255558,19.60465294648202,23.104751976270563,19.5847485012564,23.214488001030983,30,2705.601154226315,2506.513848803816,2975.1784002721706,2506.039282349411,2975.7090941480783,30,1.9814750765453168,0.3993509555908455,3.5463967113935952,0.3991839914697327,3.5483869232472123,30,253.62880979780056,51.11692231562823,453.9387790583802,51.09555090812579,454.1935261756432,30,758.9049543168564,152.95141599129386,1358.269940463747,152.88746873290765,1359.0321916036823,30,10.71010500850025,5.639527013250517,50.08126244240084,5.636363911999069,50.10220957599813,1.0,1.0,1.0,1.0,1.0,llama
llama,2,32,30,600,0,30,577.482138749474,259.08198252618604,637.2081319741483,258.9924644998973,754.4801804979215,30,252.1866843871389,107.01989127176807,257.5032627540314,107.00088716135548,257.6098217096813,30,252.1870039981877,107.0128659996044,257.4374025736688,107.01004700240446,257.4838069995167,30,8443.537062999894,3576.7435247978938,8603.287054501016,3575.9751825025887,8606.516771498718,30,619.7504955989644,260.80107823236176,759.6717121852998,260.5226471056085,762.316713250766,30,252.4766640025372,107.04824739951296,257.505764417738,107.03990433382477,257.6117958870694,30,253.10342895299985,107.2833678959796,258.521096648783,107.25520200030589,258.58001055312343,30,8477.142788996207,3578.333389866839,8604.83201982066,3577.969349900013,8608.94507640187,30,0.634446514237424,0.2463379938969045,1.176149374583618,0.2463100912823219,1.1764801422922604,30,20.30228845559757,7.882815804700945,37.636779986675776,7.881922921034301,37.64736455335233,30,182.08614958614072,70.6990042484116,337.5548705054984,70.69099619802638,337.6498008378788,30,33.36970183599988,17.004642837349458,81.18926230999823,16.999861944997974,81.1984596159964,12.18349981549702,12.214166639728726,9.304056647081218,12.098782288607284,0.0839764866670796,llama
llama,2,64,30,600,0,30,579.0450912500091,258.4118360757202,695.5257232240906,258.280043501145,754.9970620020758,30,252.24658816665715,107.03189587892707,257.5545013420774,107.03100113494745,257.62858596822804,30,252.20284275201263,107.02301577493928,257.48431817391975,107.02208649672684,257.5258329998178,30,16558.155094498943,7001.497604850556,16847.499946899734,7001.4204180006345,16849.44619849557,30,621.0138091777482,260.7134012963252,760.717615794947,260.4852930540801,762.5661206468067,30,252.33445295161795,107.05130200787116,257.5550317522685,107.04671808325944,257.62921155554875,30,252.9819613258951,107.2277655535254,258.27438002344934,107.2152829994593,258.4148680060025,30,16574.88312317255,7003.691660504792,16849.260924079335,7003.401814846438,16851.22303014723,30,0.3244439594210774,0.1237916952876114,0.6005754003035354,0.123740546143343,0.6006027986624681,30,20.764413402948957,7.92266849840713,38.436825619426266,7.919394953173954,38.43857911439796,30,103.49762305532369,39.489550796748034,191.58355269682775,39.47323421972643,191.59229277332736,30,65.5130323150006,33.301397281901885,161.5617297644494,33.2998781300048,161.6285091940008,12.188662835247024,12.199341215607594,9.118429929298612,12.106353864652505,0.0831545655717782,llama
llama,2,128,30,600,0,30,578.8448422499641,258.683597973868,623.2112276255066,257.90793299893267,754.2112035007449,30,252.29744190944515,107.03889274174554,257.69802678976873,107.03710431498192,257.7004938464698,30,252.23506999827805,107.02821192771808,257.57528997455665,107.02662000039707,257.59608049702365,30,32681.337160249317,13852.571866199833,33348.98121710066,13852.295826502086,33350.73017749892,30,620.6662161497662,260.5182349266761,758.2947324381348,259.77135420362174,758.90273330333,30,252.3505257352504,107.05471164851708,257.6986269790193,107.05184908109678,257.7016018027322,30,253.0645458966319,107.2124165175046,258.3466945488908,107.20403734885622,258.48183190537384,30,32732.391461725456,13855.382840294587,33350.85847911643,13854.937641151264,33352.472705346736,30,0.16378014663179,0.0620626230243415,0.3035177592949436,0.062009473973197,0.3035831028794359,30,20.963858768869127,7.944015747115716,38.850273189752784,7.937212668569217,38.8586371685678,30,62.72779615997558,23.769984618322805,116.2473018099634,23.74962853173445,116.27232840282396,30,129.89939794900056,65.89400253920249,322.255202707848,65.87981943100021,322.5313604280018,12.162409205569212,12.174597635949349,9.12124893970162,12.108557627607276,0.0826556682798853,llama
llama,4,32,30,600,0,30,1074.3947365008353,489.7308689009151,1325.774324597477,489.2254159967706,1452.7932169985434,30,484.80721574190784,195.032488187914,493.6010455129425,195.0173631451053,493.8327393064092,30,484.8339414984366,195.0269235219821,493.4313179745004,195.0206350011285,493.5002109959896,30,16235.212296998723,6535.596778725085,16453.157583175744,6535.289835497679,16460.745976997714,30,1178.2796578507262,492.2327005272382,1458.1025537752612,491.655233851634,1462.9344470522483,30,484.97780866371966,195.06059431755983,493.61090877750735,195.0502659998869,493.8346434501117,30,485.86431582552905,195.34511302368628,494.4728031784871,195.3082592015562,494.7633770971152,30,16261.784864097535,6539.098969471543,16455.013516537056,6538.389548556006,16462.10591755189,30,0.3319120169834135,0.128479360774179,0.6136470233095886,0.1284129752671697,0.6137439078834309,30,10.621184543469234,4.111339544773728,19.63670474590684,4.109215208549433,19.63980505226979,30,95.2587488742397,36.873576542189376,176.11669568985195,36.85452390167772,176.1445015625447,30,63.885082082000736,32.592026463803265,155.66707629754964,32.58688150400121,155.7475010479975,23.42173076226219,23.481949744329206,17.31002366822341,23.26350882634952,0.0439324741225081,llama
llama,4,64,30,600,0,30,1113.795863748237,490.0794381246669,1452.0539663999443,489.7678504967189,1453.3917285007192,30,484.83949915876906,195.04828391985475,493.4613585385431,195.04435434917843,493.5650453809348,30,484.8038477502996,195.0351900275564,493.3191450261802,195.03349249862367,493.426062999788,30,31800.899260751976,12778.320519377485,32242.17325380196,12777.972779502306,32245.99088149625,30,1181.7958156472744,492.3188634775397,1462.8663626490015,491.5473479457432,1463.9947866500734,30,484.9562730444559,195.0646196205286,493.4663992412985,195.0589938444388,493.5661855396849,30,485.8786787792269,195.30275035134764,494.35247205012274,195.293019001474,494.3982871987828,30,31828.950995474224,12780.72286759796,32246.16040592689,12780.539037048948,32515.33040905488,30,0.1686402870437748,0.0644221765389156,0.3132357102443828,0.0643874817402237,0.313293038590257,30,10.792978370801588,4.123019298490603,20.0470854556405,4.120798831374319,20.050754469776447,30,53.79625156696417,20.5506743159141,99.92219156795812,20.539606675131367,99.94047931029198,30,126.18499902400072,63.84968045380047,310.4521011283002,63.83799681600067,310.6193853129953,23.42765159841085,23.450519021947784,17.539341396032885,23.250956248908093,0.0432222866224646,llama
llama,4,128,30,600,0,30,1074.173140750645,490.3046669518517,1171.5290142477895,490.1965275057592,1172.1655985020334,30,484.8919261948906,195.0527360529616,493.5623767781675,195.049206161421,493.6222447559119,30,484.8897954998392,195.03500424980305,493.3949366766683,195.03259499833803,493.4430275025079,30,62734.80508225112,25262.486107849145,63832.55462717352,25262.05769450098,63842.78083299796,30,1178.822722950645,492.31499906825775,1456.2691476620605,492.08939769814606,1457.12084745428,30,485.0069427314789,195.06652214743076,493.5628810612567,195.0617946972391,493.6236442681204,30,485.903295776734,195.2794143956089,494.55272553714167,195.2702529993985,494.7222981976665,30,62749.32498690341,25265.192552480985,63834.32075456306,25263.57641184913,63844.51133314651,30,0.0852496730456642,0.0322696469197118,0.1582530725441328,0.0322670777160025,0.1582569386989262,30,10.91195814984502,4.130514805723111,20.256393285649,4.130185947648325,20.256888153462555,30,32.6506247764894,12.35927477024962,60.61092678440286,12.358290765228972,60.612407521688745,30,249.57107288349653,126.37985271849864,619.7774689940004,126.37676530599856,619.826814688,23.375005240741388,23.404113306007,16.92647132009301,23.243479875697734,0.0430233385495295,llama
llama,8,32,30,600,0,30,2186.4041382505093,948.4206803812413,2829.7865576987533,948.3798680012114,2847.537491499679,30,945.0846747015256,364.700983732168,959.3973730976652,364.7008989515128,959.5549961936006,30,944.991672753531,364.68301864297246,959.3161524728202,364.6786204990349,959.4797809913872,30,31636.86513374705,12254.2643051529,32038.19616727451,12254.097151497264,32248.636734002503,30,2290.853873376182,952.1196452197364,2849.7204518046783,950.8893382415408,2858.078919707623,30,945.4306697379046,364.7375698248124,959.4053771872908,364.7222916679663,959.5650501616605,30,946.543028495944,365.144365121123,960.6886834039324,365.1317566567741,960.7498005520029,30,31673.06429114542,12258.223698248366,32055.82727235746,12257.545073708025,32569.807483696783,30,0.1697215544572666,0.0660166903005578,0.3154772579305218,0.0658563435271882,0.3154993112939886,30,5.431089742632532,2.112534089617852,10.0952722537767,2.1074029928700244,10.095977961407636,30,48.71008612923552,18.94679011626011,90.54197302605976,18.900770592303036,90.54830234137474,30,125.24607453399948,63.396011957101294,302.9537637518937,63.39158053300344,303.69132157698914,45.65839385151261,45.76875723639815,35.2260729652118,45.33260654762177,0.0224646515272097,llama
llama,8,64,30,600,0,30,2051.0687159985537,948.5131767767598,2320.803469379825,948.0418254970572,2829.338593503053,30,945.1825712181628,364.7156339511321,959.4361054988397,364.7047393888998,959.493086309637,30,945.063350995042,364.691100829441,959.1430948261404,364.6865870032343,959.2991945028188,30,61969.22266149704,23925.748413648034,62635.41860317855,23925.50104649854,62638.06446349918,30,2282.191061881168,951.5069330079496,2843.010077936924,950.8147193409968,2849.379028738622,30,945.2616640941184,364.7418400074232,959.4370447488408,364.7371421174385,959.4938315641822,30,946.469491822063,365.0989307452619,960.6081182234992,365.091515849781,960.7779874044354,30,62009.55714017109,23929.32327810515,62637.59643558017,23928.86172614526,62639.92625129467,30,0.0866696385239877,0.033071686887702,0.1609778800026483,0.0330415320249818,0.1611809203745152,30,5.546856865535215,2.116587960812933,10.30258432016949,2.1146580495988387,10.315578903968978,30,27.64761468915209,10.549868117176963,51.351943720844815,10.540248715969213,51.41671359947038,30,245.25692848350445,124.2406724660439,604.7468963275991,124.0841655050026,605.2988095369947,45.67162538079025,45.71379990546136,32.298911863038775,45.30826858281872,0.0222133158299049,llama
llama,8,128,30,600,0,30,2048.426157249196,948.7744681995536,2320.020123875292,948.4020214949852,2844.5599874976324,30,945.0905035865997,364.7212863945257,959.540066349019,364.7151707204547,959.6237153621868,30,945.1015679987904,364.68946062123,959.3663283492788,364.6805194875924,959.4240725054988,30,122332.6552787512,47268.0307361039,124049.66128884807,47267.914299496624,124054.16595150018,30,2270.7342278819856,951.8052654789426,2844.5348373759407,951.446201908402,2866.0183278479963,30,945.3020461592912,364.7372783191297,959.540780897826,364.7344145764412,959.6250978583048,30,946.580454731884,365.1199509995786,960.818425423604,365.0932570446457,960.967804952088,30,122584.1736420025,47274.228912516846,124051.24968089053,47272.11116650142,124055.8173336438,30,0.0437146832561073,0.0165667329591553,0.0813108167172512,0.0165628444397934,0.0813155494546119,30,5.59547945678174,2.120541818771883,10.40778453980816,2.120044088293564,10.408390330190327,30,16.74272368708911,6.345058723356493,31.14204280270723,6.3435694204408986,31.14385544111637,30,486.16083363600046,245.96973451020452,1207.2386862004037,245.9554185409943,1207.5220577419968,45.55962737443589,45.61709565433802,32.27843378933978,45.324706235785925,0.0220616871610232,llama
llama,12,32,30,600,0,30,3041.0737020065426,1410.828872174534,3839.965954670331,1410.4654085022048,4230.362917500315,30,1409.2500188304375,539.4945185652168,1430.2162689093225,539.487454032379,1430.3559143229522,30,1408.9690059918212,539.4587992541346,1429.9809615280535,539.456294492993,1430.216376495082,30,47032.15886399994,18135.0007736768,47690.55472017135,18134.751290504937,48063.48516550497,30,3395.8984240904106,1413.8914857823693,4258.675661050584,1413.0648379068589,4267.762522630801,30,1409.612632471075,539.5421695668847,1430.219499488824,539.5283274014806,1430.362454405094,30,1410.7758642770932,540.1290174839596,1431.8679831464397,540.0654601922724,1432.4549100492732,30,47206.480423793255,18138.69457668865,47707.04856477911,18138.626572905923,48088.077313744,30,0.1141222328484402,0.0442683633406881,0.2116462078527803,0.0442583350266257,0.2116520218387142,30,3.6519114511500863,1.4165876269020208,6.77267865128897,1.416266720852024,6.772864698838856,30,32.75308082750233,12.705020278777496,60.74246165374795,12.702142152641589,60.74413026771099,30,185.69739079699505,94.49732269598898,451.78993297564375,94.49472689299728,451.8922817129933,68.08288624014847,68.24055941249343,48.99601233154786,67.39259227655428,0.0151054248863411,llama
llama,12,64,30,600,0,30,3038.760125746194,1410.794062401692,3373.827134764724,1410.5278284987437,4219.609976003994,30,1409.2114221786023,539.4679342670272,1430.162289340787,539.4664246826626,1430.3037640476962,30,1408.9815282495692,539.4198125024559,1429.91977329948,539.4195880071493,1430.1375990035012,30,92145.3726260006,35397.75987899593,93352.36336396556,35396.753486005764,93362.51579048984,30,3395.6195457511067,1414.4132739604538,4232.586601690418,1413.03283035013,4247.231887298403,30,1409.3416711706682,539.5047035876379,1430.163075089603,539.5038555959925,1430.3042458897894,30,1410.7745361499838,540.1982406677052,1431.7367998255213,540.0629791984102,1432.0131380693056,30,92415.26496743172,35402.05599398254,93354.25292420208,35400.863648294035,93364.03877096744,30,0.0581934826106629,0.0221983619018626,0.1079822321089149,0.0221882662117961,0.1079916198016406,30,3.7243828870824274,1.4206951617192112,6.910862854970555,1.4200490375549524,6.911463667305002,30,18.563720952801475,7.081277446694193,34.44633204274386,7.078056921562966,34.44932671672337,30,365.0615627200023,185.21565640649496,900.9673934646576,185.1995556390029,901.3773229999932,68.09369757328741,68.15405505363827,47.8524413681624,67.37130324206474,0.0149149140401106,llama
llama,12,128,30,600,0,30,3039.433037258277,1412.068508696393,3372.65190044709,1410.5087209973135,3374.724426510511,30,1409.134030716613,539.463889893918,1430.2107118563458,539.4625940196736,1430.3096288425104,30,1409.07312874333,539.4166990507074,1429.8720045750088,539.4129784981487,1430.0543620047392,30,182075.71023299533,69924.21739362253,184889.19144975807,69922.43819400028,184902.72006750456,30,3397.420196169697,1414.5054145252652,4232.206430007354,1412.9544623021502,4240.89701930061,30,1409.2125586029215,539.4796850664627,1430.2112121810374,539.4744737046794,1430.3099945594336,30,1410.7523892562313,540.1532967968888,1431.697727881401,540.1187542483967,1431.8687394523297,30,182349.92281038067,69927.07787936309,184890.7136750241,69926.294931546,184903.95485313347,30,0.0293248202093945,0.0111143624200855,0.0545489070726354,0.0111120621524208,0.0545519627214144,30,3.753576986802505,1.4226383897709485,6.982260105297334,1.4223439555098665,6.98265122834105,30,11.23140614019812,4.256800806892759,20.892231408819367,4.255919804377178,20.893401722301736,30,725.7678581240034,366.643459519789,1799.47345058396,366.6229224810086,1799.845944494009,67.92960157408154,68.0115512176614,47.89439819594049,67.45973150160204,0.0147994898126713,llama
llama,16,32,30,600,0,30,3254.414516006364,1509.0688412543386,3612.369633945491,1508.8805679988582,4533.291978514171,30,1507.226952483771,580.107141693072,1528.9462669821776,580.1011981450082,1529.2656648065708,30,1507.1302867581835,580.068307754118,1528.51995692763,580.062598499353,1528.6083615064854,30,50307.53998925502,19492.839950843336,50903.282197094086,19492.197780506103,51407.14428850333,30,3636.892675122364,1512.692095059756,4526.921213434689,1512.0161709361128,4561.832912176033,30,1507.4693678452018,580.1583421341052,1528.9546531238082,580.1459516282663,1529.2673081935068,30,1509.0182272935635,580.7957510386768,1530.7715069009282,580.7473536668113,1530.8809920563365,30,50338.34999535393,19496.61404819999,50905.41817067846,19495.881807834667,51409.81485530647,30,0.1062943415493814,0.0413836181843765,0.1978858478197237,0.0413131193687063,0.1978985868385518,30,3.401418929580206,1.3242757819000488,6.332347130231159,1.3220198197986026,6.332754778833658,30,30.506476024672477,11.877098418916065,56.79323832426071,11.856865258818717,56.796894422664366,30,199.0877198660164,101.06836960669608,483.2831025943102,101.06186365199392,484.10771942700376,72.81629219292218,72.99480218409224,52.433235555260175,72.08590064377016,0.014069311053961,llama
llama,16,64,30,600,0,30,3256.098377991293,1510.038813301071,4105.616859473955,1509.9345364869805,4510.827146994416,30,1507.1877277896708,580.1251282870662,1528.992426263837,580.1205244525114,1529.2747885872063,30,1507.0420882475446,580.0728981485008,1528.728843978024,580.0678739906289,1528.797251492506,30,98782.89261474129,38058.03484086719,99821.87830135372,38057.72257799981,99838.87826799764,30,3635.8310071300375,1512.7970259301946,4530.148772370885,1512.0886838427396,4535.680359600519,30,1507.404845140621,580.1506518127487,1528.9937022946242,580.1459901818787,1529.2760294056886,30,1508.9715112735576,580.8941460961069,1530.7999230061978,580.8346137404442,1531.1637775652343,30,98847.2545544544,38062.22704621825,99823.66051726152,38061.40684501297,99840.72605581024,30,0.0543591352359688,0.0207322333586778,0.1009619850546888,0.0207310522957576,0.1011949856236563,30,3.478984655102008,1.3268629349553809,6.461567043500085,1.326787346928492,6.476479079914005,30,17.34056414027407,6.613582441418226,32.20687323244574,6.613205682346702,32.281200413946365,30,391.0488500845095,198.0943623882908,964.6814055775436,197.63825130999976,964.736363339005,72.82795449075834,72.8973569853502,51.27494447543339,72.22426936714321,0.0139321757861363,llama
llama,16,128,30,600,0,30,3257.129709752917,1509.8554523166968,3611.841360404651,1509.4164830079535,4513.134861495928,30,1507.2700351869798,580.1273801301099,1528.8531940156895,580.1218810315265,1528.9019909447866,30,1507.2022822423603,580.0731939474645,1527.9090222909872,580.0719859980745,1527.94934999838,30,195198.4667802535,75186.24973257247,197419.58521820416,75186.00623650127,197423.2273880043,30,3632.3883581769232,1513.5709380568733,4524.110245488046,1513.154601212591,4544.404961641703,30,1507.4367722765887,580.1488547997545,1528.8572876596568,580.143897116847,1528.9061253152715,30,1508.9806626012432,580.9345788475184,1530.25097962789,580.9128583146958,1530.4150214869878,30,195462.3477429457,75191.41674048347,197421.5820539456,75191.02412966604,197424.95698126292,30,0.0274238772823674,0.010380915336419,0.0511240516233271,0.0103801315600099,0.0511249823803219,30,3.5102562921430294,1.3287571630616395,6.543878607785878,1.3286568396812692,6.543997744681215,30,10.50334499914672,3.975890573848499,19.580511771734308,3.975590387483797,19.58086825166332,30,776.0148348514922,391.2053009535511,1926.6123913220813,391.19817883199903,1926.7578531519976,72.66040754315895,72.74793843064953,51.32479162477375,72.32176187405588,0.0138401323372589,llama
qwen,0,32,30,600,0,30,65.47401950592757,27.883991125781904,121.95112630106448,27.16228650388075,124.8945055049262,30,19.63616009673006,19.20920225012167,20.30168900965955,19.180973596737587,20.33309664529365,30,19.553974500013283,19.145648199992134,20.274951030660304,19.13328150112648,20.3137849966879,30,670.8632127520104,632.0826940504048,751.0026751719124,631.7930235018139,753.544082006556,30,72.3440060752182,29.188463573664198,123.46257122950192,28.316039751371136,126.6174190030142,30,19.88228279659516,19.24125886723261,20.36741682353398,19.231948695444096,20.39396514681416,30,20.216669778892538,19.67512818027899,21.26534825147246,19.64702905752347,21.5928426485334,30,676.1416337227274,633.302848754829,752.9801602104271,632.4109599445364,755.3022139552922,30,7.995443827402406,1.5800609935101466,14.207280379935847,1.563922741570669,14.376151471334722,30,255.854202476877,50.56195179232469,454.6329721579472,50.0455277302614,460.0368470827111,30,2302.687822291893,455.0575661309223,4091.696749421524,450.40974957235255,4140.3316237444,30,2.641033590996813,1.4077289974506129,12.65774725339652,1.3911929099995175,12.78835550400254,1.0,1.0,1.0,1.0,1.0,qwen
qwen,0,64,30,600,0,30,65.27303599796141,27.49636814878613,121.53251987801924,27.19970899488544,123.45904899848392,30,19.596697119032758,19.162165506373093,20.38642475275241,19.14607560320292,20.393325976328924,30,19.57713649608195,19.139163999352604,20.303779247115017,19.133217007038184,20.30980450217612,30,1292.448922748008,1255.386570225528,1405.2222494781745,1236.5410945058102,1408.0534360036836,30,72.26526684462442,28.638632073198096,123.0642586981412,28.50671299456735,125.13484385053744,30,19.7384233099232,19.185258425644108,20.41982201458311,19.177089532419654,20.425169015155888,30,20.00321797277138,19.41342799371341,20.90768261379707,19.33830350244534,21.03081049208413,30,1300.1395021765347,1259.6735514409738,1406.972752450747,1259.1038561462483,1409.9541997624328,30,4.129402510442745,0.7940538101537284,7.469199210289958,0.7935898316542057,7.472531769987702,30,264.28176066833566,50.81944384983862,478.0287494585573,50.789749225869166,478.2420332792129,30,1321.408803341678,254.0972192491931,2390.1437472927864,253.94874612934584,2391.210166396065,30,5.138324846499017,2.67766322870375,25.187209974148573,2.676469048994477,25.20193581400963,1.0,1.0,1.0,1.0,1.0,qwen
qwen,0,128,30,600,0,30,65.19045025197556,27.836392596145743,120.9269160473923,27.613422498689037,123.69765100447694,30,19.617543624029736,19.200425529117464,20.483531503578696,19.18318433469156,20.489330807121885,30,19.60596349454136,19.192718478734605,20.425943070586072,19.17185800266452,20.436742997844703,30,2541.6688914992847,2497.0850569301547,2722.852432023137,2486.2730160020874,2724.010345496936,30,71.86688751862675,28.952355277833703,122.8748662227008,28.62234393833205,125.61628589319298,30,19.670120753192272,19.247562627527607,20.498774733332684,19.217849994402773,20.50478306415516,30,19.73784478141169,19.324800476024397,20.78085887766065,19.316980995063204,20.802055048261536,30,2549.215432977508,2504.941257952414,2724.7551710006155,2501.0417603385577,2726.112068904331,30,2.10439687655406,0.3981565314726273,3.8218243492897,0.3980185518296692,3.825128809385084,30,269.3628001989197,50.964036028496295,489.1935167090816,50.94637463419766,489.6164876012907,30,808.0884005967591,152.8921080854889,1467.5805501272448,152.83912390259297,1468.849462803872,30,10.076924915993004,5.233103487201879,50.23150047554664,5.228582094001467,50.248914046998834,1.0,1.0,1.0,1.0,1.0,qwen
qwen,2,32,30,600,0,30,844.1247890004888,291.03533525303646,1301.283796869393,290.68496800755383,1301.346135485801,30,279.6668297740971,277.0371910485283,281.52590151704874,276.74074690308305,281.59517033923146,30,279.5298107484996,276.8768419693515,281.376539595658,276.87072148546576,281.5029810008127,30,9434.837635002625,8979.523066900947,10018.395971614518,8978.911512997001,10022.617178998187,30,846.7622366188152,292.105321484778,1302.7858004424345,292.03153274356737,1302.9897221567808,30,280.4875024517148,277.21552738229343,283.4301461484739,277.1875346595827,283.48555237067967,30,280.7796619959845,278.4582382475492,282.6890441290016,278.2509531112737,283.3668334918912,30,9438.702006725362,8983.289701070535,10020.060591376532,8982.549494312116,10024.586190195989,30,0.5647036302356954,0.1113512427077589,1.0377728690127208,0.1113244578565523,1.037836553892682,30,18.07051616754225,3.563239766648288,33.208731808407066,3.5623826514096737,33.21076972456582,30,162.63464550788026,32.069157899834586,298.8785862756636,32.061443862687064,298.8969275210924,30,37.52209539050818,19.272039852660967,179.61182640879997,19.270857173978584,179.65504063600383,14.242439886231578,14.295293816012173,12.892515158994744,14.063727829551269,0.0706281780506434,qwen
qwen,2,64,30,600,0,30,898.5228512538015,291.5654384807567,1302.8808976072469,291.3030314957723,1303.202256502118,30,279.67715947630086,276.98612892552137,281.6044426110152,276.9610098013858,281.6462146191274,30,279.5798525039572,276.8484116459149,281.47996841871645,276.83947849436663,281.4881080121268,30,18412.96864299511,17949.405781174937,19023.022825036605,17948.88728549995,19026.025218496216,30,906.5111811723908,292.6465180357627,1304.5612200090543,292.3505634033063,1304.6222400065744,30,280.5743223462381,277.06658750662064,281.8241632152508,277.05348469097527,281.8670256626478,30,280.6570185006421,278.0479081754311,282.6880227334914,278.0193619371857,282.9200995372957,30,18423.89411736658,17955.56818019246,19024.91809221203,17954.233971356007,19027.430760157586,30,0.2906967292595763,0.0557104052689104,0.5381125601934464,0.0557084247219652,0.5381916202473094,30,18.604590672612883,3.565465937210272,34.43920385238057,3.565339182205775,34.4442636958278,30,93.0229533630644,17.827329686051357,172.19601926190285,17.826695911028875,172.221318479139,30,73.09788283750822,37.16694514444535,358.9993629547032,37.161485328979325,359.0121260799933,14.271647807664085,14.280936977678564,13.765605314909266,14.246573554214748,0.0703968016013068,qwen
qwen,2,128,30,600,0,30,844.152073499572,291.390941626014,1301.6745487191656,290.9456869965652,1303.518021493801,30,279.6940661239319,276.96054398699675,281.6078694679134,276.93380131894963,281.63819424805735,30,279.64245424664114,276.8888557802711,281.456634119968,276.8802105128998,281.4735900028609,30,36092.6219025132,35888.27229199305,37027.18566728945,35887.03031450859,37030.85744900454,30,900.9411205763172,292.5795843308879,1303.3949549459794,292.07849247031845,1305.0969901058124,30,280.1727589344416,277.0166025042799,281.7176138577055,277.01178033890955,281.7478517193473,30,280.6025884456176,277.85325851815287,282.2828350013151,277.7985335167614,282.5447305178386,30,36223.71494332183,35897.3799333255,37028.813781396966,35896.191532300145,37032.708289106085,30,0.1475151697732403,0.0278641593458202,0.2741571980339821,0.027863459230454,0.2741884479310906,30,18.88194173097476,3.566612396264991,35.09212134834971,3.566522781498116,35.0961213351796,30,56.64582519292428,10.699837188794971,105.27636404504912,10.699568344494349,105.28836400553878,30,144.25531145150308,72.9508479583921,717.7679309030602,72.94253332301741,717.7859660059912,14.257343910342154,14.263132455821337,12.949014314776733,14.20036340029437,0.070098550048599,qwen
qwen,4,32,30,600,0,30,1646.0070209941478,466.3037347731006,2555.173257447313,453.2536919941776,2557.1200385020347,30,545.9942366934199,540.8456761774305,548.2479114525984,540.403327209905,548.2983170323648,30,545.5107019915886,540.7997448775859,548.2235405754182,540.7903404993704,548.2395284998347,30,18428.827509495022,17249.725352446694,19537.501715729013,17217.479249498865,19546.75669950666,30,1764.1014730714232,559.535903946562,2557.003522898085,559.0841590536002,2558.998592743592,30,548.6923756483345,541.3555753181479,553.1570782520278,541.1516283387168,553.2158005598186,30,547.5790014261293,542.8418832375974,549.9989095741694,541.9099678991188,550.8423694969679,30,18593.02337029112,17558.75415024395,19539.59837482882,17364.419248403283,19548.96922424232,30,0.2928949544349539,0.0569672035741829,0.5327477262765262,0.056964765634106,0.5328506598418694,30,9.372638541918526,1.8229505143738551,17.04792724084884,1.822872500291394,17.05122111493982,30,84.35374687726674,16.406554629364695,153.43134516763956,16.405852502622544,153.4609900344584,30,71.8237363904991,37.5412207578418,351.0791954906017,37.53396872199664,351.0942207409971,27.805550270714203,27.89768913686668,25.13984987350791,27.470320564897893,0.0366327324358316,qwen
qwen,4,64,30,600,0,30,1761.2048612500075,557.5708050957473,2555.98389941988,506.8508264957927,2556.973924998601,30,546.0712396825473,541.0470253034931,548.2528532788979,540.921252618968,548.2850098889597,30,545.6336622519302,540.8419480183511,548.230800076999,540.79703050229,548.239323994494,30,35947.1626634986,35096.26595586851,37072.13119657354,34583.42902249569,37077.42040650192,30,1769.7665953488467,559.5612876967789,2557.788282843285,559.4864607955969,2558.5167461482342,30,548.2396260444003,541.2179963227356,548.7975998527218,541.1434446485636,548.864550673886,30,547.2665917786799,542.3280589031492,549.4868476330885,542.1413818075962,549.7060670015344,30,35961.76780777532,35107.15216379871,37074.00198424726,35105.067848988256,37079.055384144885,30,0.1489371893447158,0.0284914067127567,0.2761499484140812,0.0284908916515427,0.276175129859048,30,9.531980118061814,1.823450029616433,17.6735966985012,1.8234170656987363,17.675208310979073,30,47.65990059030908,9.117250148082167,88.367983492506,9.117085328493683,88.37604155489537,30,142.69904716600286,72.42442059695168,701.966041964198,72.41781694900419,701.9787321720069,27.865473266522585,27.8709637827335,26.98211955860323,27.813217242711342,0.0360674913545173,qwen
qwen,4,128,30,600,0,30,1760.07999900321,500.3524921768985,2555.806808699708,452.2062079995521,2556.4491380064283,30,546.0600020492489,540.8822183234056,548.2217343306994,540.8404652322836,548.2404233582316,30,545.6186467490625,540.8276991205639,548.2000942007289,540.7885369932046,548.2241279969458,30,70690.59480874785,69442.91962162024,72142.48455097259,69139.73441049893,72146.76827600488,30,1768.4632375745423,559.3836302945056,2557.307148622458,558.9686908570002,2558.147811699746,30,547.1711816301442,541.0321010766417,548.383715794876,540.9972257857847,548.6219224999954,30,546.9965386429976,542.1470306571791,549.4640512525439,541.9675540404569,549.5614800049225,30,70705.75729542215,70198.58142173405,72144.38243134314,69835.0809293981,72148.36941405083,30,0.0756540322545188,0.0142484228458208,0.1406474742935154,0.0142469681966308,0.1406523343346558,30,9.683716128578414,1.8237981242650736,18.002876709569982,1.8236119291687485,18.00349879483595,30,29.05114838573525,5.4713943727952215,54.00863012870994,5.470835787506244,54.01049638450784,30,281.1586096530009,142.19949631374254,1403.6641259771452,142.19458279600076,1403.8074433779984,27.83528929587159,27.82921874260208,26.99904651985237,27.812668693855212,0.0359504583462421,qwen
qwen,8,32,30,600,0,30,3299.936102249376,1032.9392133000738,4786.33454569972,1032.4739239999872,4787.269319003826,30,1020.040025927477,1011.756898105687,1026.8217297798406,1010.8765896289812,1026.8428423225869,30,1019.346395996763,1012.0495775498056,1026.7553747250872,1011.8711209997856,1026.7702255000586,30,34759.72889525019,32864.22897160011,36516.396467524646,32863.64585750016,36523.41387599881,30,3308.9769880489257,1034.738459600237,4787.921567108951,1034.3532504497944,4788.8295175525855,30,1026.247829379763,1013.1828093238256,1034.0702785851147,1013.1090227870618,1034.362531788593,30,1024.2661961737213,1015.6671733419896,1028.561345060116,1015.469075499277,1028.8483344500492,30,34772.00222769934,32870.43541848526,36518.127588657866,32869.82803980004,36525.18368854835,30,0.1550651411450856,0.0304270130044245,0.2850627009851905,0.0304263372840502,0.2850771155873685,30,4.962084516642742,0.9736644161415868,9.122006431526096,0.9736427930896072,9.122467698795791,30,44.65876064978468,8.762979745274281,82.09805788373487,8.762785137806466,82.10220928916212,30,136.52124433849897,70.16000315389756,657.3106600624997,70.15645559199766,657.3252578279998,51.947021255817766,52.12988264846467,50.40069522462451,51.81343712775526,0.0193941880516549,qwen
qwen,8,64,30,600,0,30,3075.767180001094,1032.6178676242307,4787.606154475361,837.4122665027244,4788.807957498648,30,1020.1706104563772,1012.3546994043604,1026.8015109789649,1012.1478156984338,1026.835169634935,30,1019.4842712517128,1012.0184729759784,1026.7632259000266,1011.9953405010164,1026.7685105000055,30,66862.73842174979,65719.50826729934,69276.83078605132,64603.23098650042,69283.19529800137,30,3188.446998675863,1034.78890403999,4789.185970448525,841.3267106991043,4790.415443601523,30,1024.335564814317,1012.5935449015576,1026.995142304603,1012.2899030777838,1027.014773427784,30,1021.8088127779992,1014.1801165645848,1028.6395442000048,1013.8743603054536,1028.7317169993005,30,67111.92907744944,65731.2740091178,69278.47080668257,64611.65670865303,69285.03431400277,30,0.0796637000272433,0.0152154065771641,0.1477496330970636,0.015215026562593,0.1477539652590653,30,5.098476801743573,0.9737860209385056,9.455976518212072,0.9737617000059556,9.456253776580184,30,25.492384008717863,4.868930104692527,47.27988259106036,4.868808500029778,47.28126888290092,30,266.8213592539978,135.3641263638001,1314.4571523078994,135.36015744100587,1314.4899825000011,52.05829351036735,52.07524969015496,47.1215584348973,51.73337007360111,0.019291822443025,qwen
qwen,8,128,30,600,0,30,3076.439505250164,1033.3186409002792,4786.675093025406,840.323628995975,4789.100830003008,30,1020.14438866732,1012.2401098067012,1026.8297184594485,1012.0956861614188,1026.872253543313,30,1019.4939927496308,1012.0079223748688,1026.7612776501664,1011.9887645014388,1026.8047709996608,30,132014.0136792488,130921.61692004738,134774.66072704774,129376.46514399968,134800.17429049985,30,3234.50676215125,1035.12794348037,4788.633125783654,1035.075973602579,4790.505350351668,30,1022.2595324482348,1012.3843668240146,1026.9739114803242,1012.2630924118206,1027.189386858262,30,1021.8237319937544,1014.0552948004006,1028.7197326011028,1013.9189545981936,1028.8503838522956,30,132165.40412229823,131447.27921604464,134776.92589018762,131438.65901805292,134801.7724498517,30,0.0404722866239735,0.007608032698409,0.0752526292306151,0.0076077904906791,0.0753976489216463,30,5.180452687868618,0.9738281853963636,9.63233654151874,0.9737971828069324,9.650899061970737,30,15.541358063605852,2.9214845561890903,28.89700962455622,2.921391548420797,28.95269718591221,30,525.6641057525012,265.77144519399843,2628.8004788071,265.2602605790016,2628.8841713639995,52.001637321083074,51.999178363944,47.19156706786105,51.93989434295516,0.0192322499025216,qwen
qwen,12,32,30,600,0,30,4519.375501000468,1434.8474070797238,7025.865591656475,1222.4056409977493,7027.367223490728,30,1499.2097340162277,1487.3574696823905,1508.491934567745,1462.7882469513063,1508.5588167578774,30,1498.2350770005723,1487.0712494488544,1508.367682124663,1486.973819002742,1508.378290993278,30,50663.39134474401,47839.8763438312,53654.93333624763,47323.92039700062,53659.8419695074,30,4526.700136231739,1515.247082992464,7027.607701699599,1225.1629472455534,7029.0625030960655,30,1506.8677987175995,1488.620156490933,1520.0530261446506,1487.3767985980871,1520.1230514774404,30,1504.9016761993698,1490.5418327418738,1510.7022714325649,1489.3276019953191,1510.9357031426043,30,50670.62648389911,48283.810647159626,53656.65269284291,47328.47380839594,53661.57601280429,30,0.1057737294284362,0.0207138675053168,0.1940954310303044,0.0207128176367393,0.1940986884490019,30,3.384759341709959,0.6628437601701398,6.211053792969741,0.662810164375659,6.211158030368063,30,30.46283407538963,5.965593841531259,55.89948413672767,5.965291479380931,55.90042227331256,30,199.8509384060017,103.0420958386414,965.5367352232512,103.0403665259946,965.5856750520034,76.34943525775621,76.62048843315995,69.02547812252942,75.51970413896001,0.0132292505221439,qwen
qwen,12,64,30,600,0,30,4516.860250994796,1354.2488248218433,7023.34223634316,1223.275532000116,7024.16171549703,30,1499.2199059285217,1487.1448579805603,1508.4961582606036,1486.8558654841129,1508.517427293728,30,1498.3868270064704,1487.069985524795,1508.3962979970238,1487.0080340042475,1508.4259794966783,30,98245.41572249656,95649.22823267552,101788.2085170546,94911.20222099562,101792.62804449536,30,4524.237932601318,1515.515053549898,7025.046339898981,1225.6663282467343,7025.913943305204,30,1505.4723290333757,1487.91733880035,1508.681068949304,1487.3866074784596,1508.7941951499993,30,1501.0243142525724,1489.3868151022252,1510.8335385019743,1489.1805803934403,1510.867848095222,30,98265.3416772766,96559.02239703634,101789.82239869228,94926.63139260258,101795.30181042936,30,0.0542276967572874,0.0103572988917011,0.1005809652460875,0.0103572280039739,0.100584595671421,30,3.470572592466395,0.6628671290688763,6.437181775749602,0.6628625922543352,6.4374141229709485,30,17.352862962331976,3.3143356453443817,32.18590887874801,3.314312961271676,32.18707061485474,30,391.9305717054958,198.84478094945808,1931.0053913824945,198.83760397401056,1931.0186077130056,76.50370349769021,76.53758900370076,69.19948156135813,76.01493103000689,0.013132092747111,qwen
qwen,12,128,30,600,0,30,4851.274558754085,1354.976054872168,7025.471553474199,1222.3621660086792,7027.161119491211,30,1499.315489913446,1487.319398901246,1508.5140413382474,1487.144630196767,1508.552777153583,30,1498.536530751153,1487.055030999909,1508.429311276268,1487.0151484938106,1508.4540850002668,30,194204.6998709993,191092.1203129983,198073.88395329835,190093.8249155006,198082.78045449697,30,4861.006258464477,1516.3192583730051,7027.547208400792,1515.6926177907735,7029.178283919464,30,1502.5008683866895,1487.4959063400206,1508.6254826449954,1487.4453775297095,1508.695173262954,30,1501.2832067441195,1489.523631168886,1510.7841360869495,1489.2162841118989,1510.8834554615896,30,194213.93262602287,193065.82155874083,198076.32298880804,193024.91749659093,198085.48913510892,30,0.0275471807061534,0.0051787955849743,0.0512244860283253,0.0051787140981814,0.0512253941194691,30,3.526039130387642,0.6628858348767175,6.556734211625639,0.6628754045672204,6.5568504472920495,30,10.578117391162928,1.988657504630152,19.67020263487692,1.988626213701661,19.67055134187615,30,772.1994898020057,390.4382757425963,3861.901801670244,390.4313542879827,3861.962568472998,76.42727951306395,76.43269004190341,74.41695125594059,76.40833962304251,0.0130902972785541,qwen
qwen,16,32,30,600,0,30,4829.38504950107,1505.8032403247807,6938.178054619493,1505.1565955000117,6938.553980493452,30,1490.4065738064087,1479.9811462475725,1511.6869694969455,1477.1555385968015,1511.7826176290455,30,1489.444754748547,1478.8427873991168,1511.411396447511,1478.790602999652,1511.4596044950304,30,50807.85991249832,47999.08804407389,53278.747263753394,47997.02168649992,53282.26154699223,30,4840.095391449358,1507.8910000096653,6939.74956536953,1506.3269191512518,6940.093823650386,30,1506.0584087862433,1480.3664257462387,1514.0898741148667,1480.2743879532616,1514.1972424970816,30,1495.8393919059745,1483.30741183403,1514.4127647024652,1482.1200847993168,1514.6868890449696,30,50820.45303532432,48010.8855729949,53280.93919402141,48006.54473900003,53283.99177919855,30,0.1063298337797514,0.0208328662072748,0.1930896814069465,0.0208265699156654,0.1931160625326372,30,3.4025546809520453,0.6666517186327945,6.178869805022288,0.6664502373012949,6.179714001044392,30,30.62299212856841,5.99986546769515,55.6098282452006,5.998052135711655,55.61742600939952,30,198.8040517074951,103.57881298690116,960.0215257221496,103.56466333099524,960.3117594970004,75.9011215260259,76.17094697282822,73.76032640036482,75.73505141841757,0.0132988031777963,qwen
qwen,16,64,30,600,0,30,4829.141952748614,1506.2817794995226,6940.321336525449,1505.8605199997146,6942.387735500233,30,1490.5631410119463,1479.378399286517,1511.7238942701656,1479.313334119012,1511.9163384762712,30,1489.8663069980105,1478.8399822728024,1511.237815547065,1478.781050001999,1511.4793839966296,30,98249.40359799984,95993.17610067491,101288.50151972329,95991.47362049916,101304.56733049505,30,4838.990524149085,1507.7421155616412,6942.068942407277,1506.8408373001148,6944.155029109243,30,1498.2127519000005,1479.664306209359,1512.905816143183,1479.589264896871,1513.1044678342328,30,1492.7278479517554,1481.4600414948836,1514.63174064982,1481.0698494955432,1514.8119616023905,30,98278.57760057086,96005.33529541775,101290.41671689294,96005.01090645102,101306.45971705452,30,0.0546220720856011,0.0104173203179135,0.1000840978541562,0.0104169632227003,0.1000928300427419,30,3.4958126134784706,0.6667085003464654,6.405382262665997,0.6666856462528219,6.405941122735483,30,17.479063067392353,3.333542501732327,32.02691131332998,3.3334282312641097,32.029705613677415,30,388.59998083949904,199.83194564345104,1919.8795265754495,199.8145121030102,1919.9453403479995,76.06195737771942,76.1023608992144,73.98371898772162,76.01801654884878,0.0132275969580269,qwen
qwen,16,128,30,600,0,30,4510.820345996763,1505.729157600308,7106.258375623656,1504.954923002515,7107.303452503402,30,1493.0439712578466,1479.110304628147,1511.6307946641275,1479.0741211889858,1511.685595188934,30,1492.8163537479122,1478.7819085513547,1511.1933636737376,1478.7405995011795,1511.3096155037056,30,193156.26755774792,191978.96678597608,199076.56551133224,191970.7014449996,199079.17419400477,30,4515.028200048982,1507.1792740686487,7108.029736373792,1506.9151312491158,7109.154005147138,30,1495.8793180766013,1479.389863994102,1512.576968596316,1479.2343178976191,1512.6085870602092,30,1495.38370877508,1481.0141839237804,1514.027553820415,1480.851010948027,1514.1373060447222,30,193170.546766754,191991.95423350812,199078.5983530509,191988.4897193495,199081.2371996428,30,0.0276636723611328,0.005208874083249,0.0509778691364322,0.0052087989601361,0.0511732018488766,30,3.540950062225005,0.6667358826558754,6.525167249463325,0.6667262668974232,6.55016983665621,30,10.622850186675016,2.000207647967626,19.57550174838998,2.0001788006922694,19.650509509968632,30,769.4959279520044,392.3271086046516,3839.6013574021,390.829560735001,3839.656733358999,76.10759021985817,76.14093304639368,69.19449595088606,75.99584202480777,0.0131456535928869,qwen
