dataset,defense,defense_param,attacker_type,classifier,featureset,balanced_accuracy_mean,balanced_accuracy_std,auroc_mean,auroc_std,accuracy_mean,n_splits,n_jitter_reps,n_low_test_mean,n_high_test_mean,overhead_median_ms_all,overhead_median_ms_low,overhead_median_ms_high,relative_overhead_low,relative_overhead_high,effective_pad_mean,effective_pad_std
llama,itl_floor_pad,25.00000,adaptive,LogReg,core,1.00000,0.00000,1.00000,0.00000,1.00000,5,1,120.00000,120.00000,1.34567,4.79884,0.00000,0.23755,0.00000,,
llama,itl_floor_pad,25.00000,adaptive,RandomForest,core,1.00000,0.00000,1.00000,0.00000,1.00000,5,1,120.00000,120.00000,1.34567,4.79884,0.00000,0.23755,0.00000,,
llama,itl_floor_pad,25.00000,frozen,LogReg,core,1.00000,0.00000,1.00000,0.00000,1.00000,5,1,120.00000,120.00000,1.34567,4.79884,0.00000,0.23755,0.00000,,
llama,itl_floor_pad,25.00000,frozen,RandomForest,core,1.00000,0.00000,1.00000,0.00000,1.00000,5,1,120.00000,120.00000,1.34567,4.79884,0.00000,0.23755,0.00000,,
llama,itl_floor_pad,50.00000,adaptive,LogReg,core,1.00000,0.00000,1.00000,0.00000,1.00000,5,1,120.00000,120.00000,13.84567,29.79884,0.00000,1.47511,0.00000,,
llama,itl_floor_pad,50.00000,adaptive,RandomForest,core,1.00000,0.00000,1.00000,0.00000,1.00000,5,1,120.00000,120.00000,13.84567,29.79884,0.00000,1.47511,0.00000,,
llama,itl_floor_pad,50.00000,frozen,LogReg,core,1.00000,0.00000,1.00000,0.00000,1.00000,5,1,120.00000,120.00000,13.84567,29.79884,0.00000,1.47511,0.00000,,
llama,itl_floor_pad,50.00000,frozen,RandomForest,core,1.00000,0.00000,1.00000,0.00000,1.00000,5,1,120.00000,120.00000,13.84567,29.79884,0.00000,1.47511,0.00000,,
llama,itl_floor_pad,100.00000,adaptive,LogReg,core,1.00000,0.00000,1.00000,0.00000,1.00000,5,1,120.00000,120.00000,38.84567,79.79884,0.00000,3.95021,0.00000,,
llama,itl_floor_pad,100.00000,adaptive,RandomForest,core,1.00000,0.00000,1.00000,0.00000,1.00000,5,1,120.00000,120.00000,38.84567,79.79884,0.00000,3.95021,0.00000,,
llama,itl_floor_pad,100.00000,frozen,LogReg,core,1.00000,0.00000,1.00000,0.00000,1.00000,5,1,120.00000,120.00000,38.84567,79.79884,0.00000,3.95021,0.00000,,
llama,itl_floor_pad,100.00000,frozen,RandomForest,core,1.00000,0.00000,1.00000,0.00000,1.00000,5,1,120.00000,120.00000,38.84567,79.79884,0.00000,3.95021,0.00000,,
llama,itl_floor_pad,200.00000,adaptive,LogReg,core,1.00000,0.00000,1.00000,0.00000,1.00000,5,1,120.00000,120.00000,88.84567,179.79884,0.00000,8.90042,0.00000,,
llama,itl_floor_pad,200.00000,adaptive,RandomForest,core,1.00000,0.00000,1.00000,0.00000,1.00000,5,1,120.00000,120.00000,88.84567,179.79884,0.00000,8.90042,0.00000,,
llama,itl_floor_pad,200.00000,frozen,LogReg,core,1.00000,0.00000,1.00000,0.00000,1.00000,5,1,120.00000,120.00000,88.84567,179.79884,0.00000,8.90042,0.00000,,
llama,itl_floor_pad,200.00000,frozen,RandomForest,core,1.00000,0.00000,1.00000,0.00000,1.00000,5,1,120.00000,120.00000,88.84567,179.79884,0.00000,8.90042,0.00000,,
llama,itl_floor_pad,400.00000,adaptive,LogReg,core,1.00000,0.00000,1.00000,0.00000,1.00000,5,1,120.00000,120.00000,188.84567,379.79884,0.00000,18.80085,0.00000,,
llama,itl_floor_pad,400.00000,adaptive,RandomForest,core,1.00000,0.00000,1.00000,0.00000,1.00000,5,1,120.00000,120.00000,188.84567,379.79884,0.00000,18.80085,0.00000,,
llama,itl_floor_pad,400.00000,frozen,LogReg,core,1.00000,0.00000,1.00000,0.00000,1.00000,5,1,120.00000,120.00000,188.84567,379.79884,0.00000,18.80085,0.00000,,
llama,itl_floor_pad,400.00000,frozen,RandomForest,core,0.50000,0.00000,1.00000,0.00000,0.50000,5,1,120.00000,120.00000,188.84567,379.79884,0.00000,18.80085,0.00000,,
llama,itl_floor_pad,800.00000,adaptive,LogReg,core,1.00000,0.00000,1.00000,0.00000,1.00000,5,1,120.00000,120.00000,524.80692,779.79884,0.00000,38.60169,0.00000,,
llama,itl_floor_pad,800.00000,adaptive,RandomForest,core,1.00000,0.00000,1.00000,0.00000,1.00000,5,1,120.00000,120.00000,524.80692,779.79884,0.00000,38.60169,0.00000,,
llama,itl_floor_pad,800.00000,frozen,LogReg,core,0.50000,0.00000,1.00000,0.00000,0.50000,5,1,120.00000,120.00000,524.80692,779.79884,0.00000,38.60169,0.00000,,
llama,itl_floor_pad,800.00000,frozen,RandomForest,core,0.50000,0.00000,1.00000,0.00000,0.50000,5,1,120.00000,120.00000,524.80692,779.79884,0.00000,38.60169,0.00000,,
llama,itl_floor_pad,1200.00000,adaptive,LogReg,core,1.00000,0.00000,1.00000,0.00000,1.00000,5,1,120.00000,120.00000,924.80692,1179.79884,0.00000,58.40254,0.00000,,
llama,itl_floor_pad,1200.00000,adaptive,RandomForest,core,1.00000,0.00000,1.00000,0.00000,1.00000,5,1,120.00000,120.00000,924.80692,1179.79884,0.00000,58.40254,0.00000,,
llama,itl_floor_pad,1200.00000,frozen,LogReg,core,0.50000,0.00000,1.00000,0.00000,0.50000,5,1,120.00000,120.00000,924.80692,1179.79884,0.00000,58.40254,0.00000,,
llama,itl_floor_pad,1200.00000,frozen,RandomForest,core,0.50000,0.00000,1.00000,0.00000,0.50000,5,1,120.00000,120.00000,924.80692,1179.79884,0.00000,58.40254,0.00000,,
llama,itl_floor_pad,1600.00000,adaptive,LogReg,core,1.00000,0.00000,1.00000,0.00000,1.00000,5,1,120.00000,120.00000,1324.80692,1579.79884,223.34427,78.20338,0.16224,,
llama,itl_floor_pad,1600.00000,adaptive,RandomForest,core,1.00000,0.00000,1.00000,0.00000,1.00000,5,1,120.00000,120.00000,1324.80692,1579.79884,223.34427,78.20338,0.16224,,
llama,itl_floor_pad,1600.00000,frozen,LogReg,core,0.50000,0.00000,1.00000,0.00000,0.50000,5,1,120.00000,120.00000,1324.80692,1579.79884,223.34427,78.20338,0.16224,,
llama,itl_floor_pad,1600.00000,frozen,RandomForest,core,0.50000,0.00000,1.00000,0.00000,0.50000,5,1,120.00000,120.00000,1324.80692,1579.79884,223.34427,78.20338,0.16224,,
llama,itl_jitter_nonneg,5.00000,adaptive,LogReg,core,1.00000,0.00000,1.00000,0.00000,1.00000,5,2,120.00000,120.00000,2.47482,2.49182,2.47083,0.11937,0.00202,,
llama,itl_jitter_nonneg,5.00000,adaptive,RandomForest,core,1.00000,0.00000,1.00000,0.00000,1.00000,5,2,120.00000,120.00000,2.47482,2.49182,2.47083,0.11937,0.00202,,
llama,itl_jitter_nonneg,5.00000,frozen,LogReg,core,1.00000,0.00000,1.00000,0.00000,1.00000,5,2,120.00000,120.00000,2.47482,2.49182,2.47083,0.11937,0.00202,,
llama,itl_jitter_nonneg,5.00000,frozen,RandomForest,core,1.00000,0.00000,1.00000,0.00000,1.00000,5,2,120.00000,120.00000,2.47482,2.49182,2.47083,0.11937,0.00202,,
llama,itl_jitter_nonneg,10.00000,adaptive,LogReg,core,1.00000,0.00000,1.00000,0.00000,1.00000,5,2,120.00000,120.00000,5.14412,5.20911,5.11014,0.25094,0.00411,,
llama,itl_jitter_nonneg,10.00000,adaptive,RandomForest,core,1.00000,0.00000,1.00000,0.00000,1.00000,5,2,120.00000,120.00000,5.14412,5.20911,5.11014,0.25094,0.00411,,
llama,itl_jitter_nonneg,10.00000,frozen,LogReg,core,1.00000,0.00000,1.00000,0.00000,1.00000,5,2,120.00000,120.00000,5.14412,5.20911,5.11014,0.25094,0.00411,,
llama,itl_jitter_nonneg,10.00000,frozen,RandomForest,core,1.00000,0.00000,1.00000,0.00000,1.00000,5,2,120.00000,120.00000,5.14412,5.20911,5.11014,0.25094,0.00411,,
llama,itl_jitter_nonneg,25.00000,adaptive,LogReg,core,1.00000,0.00000,1.00000,0.00000,1.00000,5,2,120.00000,120.00000,12.99165,12.70635,13.36362,0.62126,0.01063,,
llama,itl_jitter_nonneg,25.00000,adaptive,RandomForest,core,1.00000,0.00000,1.00000,0.00000,1.00000,5,2,120.00000,120.00000,12.99165,12.70635,13.36362,0.62126,0.01063,,
llama,itl_jitter_nonneg,25.00000,frozen,LogReg,core,1.00000,0.00000,1.00000,0.00000,1.00000,5,2,120.00000,120.00000,12.99165,12.70635,13.36362,0.62126,0.01063,,
llama,itl_jitter_nonneg,25.00000,frozen,RandomForest,core,1.00000,0.00000,1.00000,0.00000,1.00000,5,2,120.00000,120.00000,12.99165,12.70635,13.36362,0.62126,0.01063,,
llama,itl_jitter_nonneg,50.00000,adaptive,LogReg,core,1.00000,0.00000,1.00000,0.00000,1.00000,5,2,120.00000,120.00000,25.22776,25.20114,25.03495,1.22894,0.02027,,
llama,itl_jitter_nonneg,50.00000,adaptive,RandomForest,core,1.00000,0.00000,1.00000,0.00000,1.00000,5,2,120.00000,120.00000,25.22776,25.20114,25.03495,1.22894,0.02027,,
llama,itl_jitter_nonneg,50.00000,frozen,LogReg,core,1.00000,0.00000,1.00000,0.00000,1.00000,5,2,120.00000,120.00000,25.22776,25.20114,25.03495,1.22894,0.02027,,
llama,itl_jitter_nonneg,50.00000,frozen,RandomForest,core,1.00000,0.00000,1.00000,0.00000,1.00000,5,2,120.00000,120.00000,25.22776,25.20114,25.03495,1.22894,0.02027,,
llama,itl_jitter_nonneg,100.00000,adaptive,LogReg,core,1.00000,0.00000,1.00000,0.00000,1.00000,5,2,120.00000,120.00000,49.81160,49.04343,50.86459,2.38764,0.04147,,
llama,itl_jitter_nonneg,100.00000,adaptive,RandomForest,core,1.00000,0.00000,1.00000,0.00000,1.00000,5,2,120.00000,120.00000,49.81160,49.04343,50.86459,2.38764,0.04147,,
llama,itl_jitter_nonneg,100.00000,frozen,LogReg,core,1.00000,0.00000,1.00000,0.00000,1.00000,5,2,120.00000,120.00000,49.81160,49.04343,50.86459,2.38764,0.04147,,
llama,itl_jitter_nonneg,100.00000,frozen,RandomForest,core,1.00000,0.00000,1.00000,0.00000,1.00000,5,2,120.00000,120.00000,49.81160,49.04343,50.86459,2.38764,0.04147,,
llama,itl_jitter_nonneg,200.00000,adaptive,LogReg,core,1.00000,0.00000,1.00000,0.00000,1.00000,5,2,120.00000,120.00000,99.07202,100.17233,97.28907,4.79793,0.07945,,
llama,itl_jitter_nonneg,200.00000,adaptive,RandomForest,core,1.00000,0.00000,1.00000,0.00000,1.00000,5,2,120.00000,120.00000,99.07202,100.17233,97.28907,4.79793,0.07945,,
llama,itl_jitter_nonneg,200.00000,frozen,LogReg,core,1.00000,0.00000,1.00000,0.00000,1.00000,5,2,120.00000,120.00000,99.07202,100.17233,97.28907,4.79793,0.07945,,
llama,itl_jitter_nonneg,200.00000,frozen,RandomForest,core,1.00000,0.00000,1.00000,0.00000,1.00000,5,2,120.00000,120.00000,99.07202,100.17233,97.28907,4.79793,0.07945,,
llama,itl_jitter_nonneg,400.00000,adaptive,LogReg,core,1.00000,0.00000,1.00000,0.00000,1.00000,5,2,120.00000,120.00000,202.33044,209.37132,192.62829,10.19811,0.15605,,
llama,itl_jitter_nonneg,400.00000,adaptive,RandomForest,core,1.00000,0.00000,1.00000,0.00000,1.00000,5,2,120.00000,120.00000,202.33044,209.37132,192.62829,10.19811,0.15605,,
llama,itl_jitter_nonneg,400.00000,frozen,LogReg,core,1.00000,0.00000,1.00000,0.00000,1.00000,5,2,120.00000,120.00000,202.33044,209.37132,192.62829,10.19811,0.15605,,
llama,itl_jitter_nonneg,400.00000,frozen,RandomForest,core,0.81625,0.02191,1.00000,0.00000,0.81625,5,2,120.00000,120.00000,202.33044,209.37132,192.62829,10.19811,0.15605,,
llama,itl_jitter_nonneg,800.00000,adaptive,LogReg,core,1.00000,0.00000,1.00000,0.00000,1.00000,5,2,120.00000,120.00000,398.90206,404.35488,395.21886,19.86674,0.32371,,
llama,itl_jitter_nonneg,800.00000,adaptive,RandomForest,core,1.00000,0.00000,1.00000,0.00000,1.00000,5,2,120.00000,120.00000,398.90206,404.35488,395.21886,19.86674,0.32371,,
llama,itl_jitter_nonneg,800.00000,frozen,LogReg,core,0.76667,0.02013,0.99887,0.00119,0.76667,5,2,120.00000,120.00000,398.90206,404.35488,395.21886,19.86674,0.32371,,
llama,itl_jitter_nonneg,800.00000,frozen,RandomForest,core,0.64958,0.01889,1.00000,0.00000,0.64958,5,2,120.00000,120.00000,398.90206,404.35488,395.21886,19.86674,0.32371,,
llama,itl_jitter_sym,5.00000,adaptive,LogReg,core,1.00000,0.00000,1.00000,0.00000,1.00000,5,2,120.00000,120.00000,-0.11097,-0.03103,-0.20913,-0.00149,-0.00016,,
llama,itl_jitter_sym,5.00000,adaptive,RandomForest,core,1.00000,0.00000,1.00000,0.00000,1.00000,5,2,120.00000,120.00000,-0.11097,-0.03103,-0.20913,-0.00149,-0.00016,,
llama,itl_jitter_sym,5.00000,frozen,LogReg,core,1.00000,0.00000,1.00000,0.00000,1.00000,5,2,120.00000,120.00000,-0.11097,-0.03103,-0.20913,-0.00149,-0.00016,,
llama,itl_jitter_sym,5.00000,frozen,RandomForest,core,1.00000,0.00000,1.00000,0.00000,1.00000,5,2,120.00000,120.00000,-0.11097,-0.03103,-0.20913,-0.00149,-0.00016,,
llama,itl_jitter_sym,10.00000,adaptive,LogReg,core,1.00000,0.00000,1.00000,0.00000,1.00000,5,2,120.00000,120.00000,0.02508,-0.28439,0.30023,-0.01414,0.00024,,
llama,itl_jitter_sym,10.00000,adaptive,RandomForest,core,1.00000,0.00000,1.00000,0.00000,1.00000,5,2,120.00000,120.00000,0.02508,-0.28439,0.30023,-0.01414,0.00024,,
llama,itl_jitter_sym,10.00000,frozen,LogReg,core,1.00000,0.00000,1.00000,0.00000,1.00000,5,2,120.00000,120.00000,0.02508,-0.28439,0.30023,-0.01414,0.00024,,
llama,itl_jitter_sym,10.00000,frozen,RandomForest,core,1.00000,0.00000,1.00000,0.00000,1.00000,5,2,120.00000,120.00000,0.02508,-0.28439,0.30023,-0.01414,0.00024,,
llama,itl_jitter_sym,25.00000,adaptive,LogReg,core,1.00000,0.00000,1.00000,0.00000,1.00000,5,2,120.00000,120.00000,0.16284,-0.04517,0.28166,-0.00203,0.00020,,
llama,itl_jitter_sym,25.00000,adaptive,RandomForest,core,1.00000,0.00000,1.00000,0.00000,1.00000,5,2,120.00000,120.00000,0.16284,-0.04517,0.28166,-0.00203,0.00020,,
llama,itl_jitter_sym,25.00000,frozen,LogReg,core,1.00000,0.00000,1.00000,0.00000,1.00000,5,2,120.00000,120.00000,0.16284,-0.04517,0.28166,-0.00203,0.00020,,
llama,itl_jitter_sym,25.00000,frozen,RandomForest,core,1.00000,0.00000,1.00000,0.00000,1.00000,5,2,120.00000,120.00000,0.16284,-0.04517,0.28166,-0.00203,0.00020,,
llama,itl_jitter_sym,50.00000,adaptive,LogReg,core,1.00000,0.00000,1.00000,0.00000,1.00000,5,2,120.00000,120.00000,-2.20629,-1.31241,-3.64552,-0.06276,-0.00266,,
llama,itl_jitter_sym,50.00000,adaptive,RandomForest,core,1.00000,0.00000,1.00000,0.00000,1.00000,5,2,120.00000,120.00000,-2.20629,-1.31241,-3.64552,-0.06276,-0.00266,,
llama,itl_jitter_sym,50.00000,frozen,LogReg,core,1.00000,0.00000,1.00000,0.00000,1.00000,5,2,120.00000,120.00000,-2.20629,-1.31241,-3.64552,-0.06276,-0.00266,,
llama,itl_jitter_sym,50.00000,frozen,RandomForest,core,1.00000,0.00000,1.00000,0.00000,1.00000,5,2,120.00000,120.00000,-2.20629,-1.31241,-3.64552,-0.06276,-0.00266,,
llama,itl_jitter_sym,100.00000,adaptive,LogReg,core,1.00000,0.00000,1.00000,0.00000,1.00000,5,2,120.00000,120.00000,3.01438,2.70340,4.00190,0.12744,0.00311,,
llama,itl_jitter_sym,100.00000,adaptive,RandomForest,core,0.99833,0.00291,1.00000,0.00000,0.99833,5,2,120.00000,120.00000,3.01438,2.70340,4.00190,0.12744,0.00311,,
llama,itl_jitter_sym,100.00000,frozen,LogReg,core,1.00000,0.00000,1.00000,0.00000,1.00000,5,2,120.00000,120.00000,3.01438,2.70340,4.00190,0.12744,0.00311,,
llama,itl_jitter_sym,100.00000,frozen,RandomForest,core,0.99500,0.00512,1.00000,0.00000,0.99500,5,2,120.00000,120.00000,3.01438,2.70340,4.00190,0.12744,0.00311,,
llama,itl_jitter_sym,200.00000,adaptive,LogReg,core,1.00000,0.00000,1.00000,0.00000,1.00000,5,2,120.00000,120.00000,0.94547,-5.47640,7.27764,-0.26001,0.00602,,
llama,itl_jitter_sym,200.00000,adaptive,RandomForest,core,1.00000,0.00000,1.00000,0.00000,1.00000,5,2,120.00000,120.00000,0.94547,-5.47640,7.27764,-0.26001,0.00602,,
llama,itl_jitter_sym,200.00000,frozen,LogReg,core,0.98292,0.00931,0.99933,0.00064,0.98292,5,2,120.00000,120.00000,0.94547,-5.47640,7.27764,-0.26001,0.00602,,
llama,itl_jitter_sym,200.00000,frozen,RandomForest,core,0.94250,0.01300,0.99860,0.00132,0.94250,5,2,120.00000,120.00000,0.94547,-5.47640,7.27764,-0.26001,0.00602,,
llama,itl_jitter_sym,400.00000,adaptive,LogReg,core,1.00000,0.00000,1.00000,0.00000,1.00000,5,2,120.00000,120.00000,7.00352,21.30878,-8.48707,1.00703,-0.00703,,
llama,itl_jitter_sym,400.00000,adaptive,RandomForest,core,1.00000,0.00000,1.00000,0.00000,1.00000,5,2,120.00000,120.00000,7.00352,21.30878,-8.48707,1.00703,-0.00703,,
llama,itl_jitter_sym,400.00000,frozen,LogReg,core,0.90542,0.02438,0.98597,0.00353,0.90542,5,2,120.00000,120.00000,7.00352,21.30878,-8.48707,1.00703,-0.00703,,
llama,itl_jitter_sym,400.00000,frozen,RandomForest,core,0.83875,0.02694,0.98915,0.00426,0.83875,5,2,120.00000,120.00000,7.00352,21.30878,-8.48707,1.00703,-0.00703,,
llama,itl_jitter_sym,800.00000,adaptive,LogReg,core,1.00000,0.00000,1.00000,0.00000,1.00000,5,2,120.00000,120.00000,-19.17315,-14.93350,-4.07244,-0.76430,-0.00488,,
llama,itl_jitter_sym,800.00000,adaptive,RandomForest,core,1.00000,0.00000,1.00000,0.00000,1.00000,5,2,120.00000,120.00000,-19.17315,-14.93350,-4.07244,-0.76430,-0.00488,,
llama,itl_jitter_sym,800.00000,frozen,LogReg,core,0.81417,0.02737,0.92035,0.01800,0.81417,5,2,120.00000,120.00000,-19.17315,-14.93350,-4.07244,-0.76430,-0.00488,,
llama,itl_jitter_sym,800.00000,frozen,RandomForest,core,0.75375,0.03266,0.95206,0.01619,0.75375,5,2,120.00000,120.00000,-19.17315,-14.93350,-4.07244,-0.76430,-0.00488,,
llama,low_to_high_median,0.00000,adaptive,LogReg,core,1.00000,0.00000,1.00000,0.00000,1.00000,5,1,120.00000,120.00000,678.22729,1356.45457,0.00000,67.14737,0.00000,1356.44524,0.03425
llama,low_to_high_median,0.00000,adaptive,RandomForest,core,1.00000,0.00000,1.00000,0.00000,1.00000,5,1,120.00000,120.00000,678.22729,1356.45457,0.00000,67.14737,0.00000,1356.44524,0.03425
llama,low_to_high_median,0.00000,frozen,LogReg,core,0.50000,0.00000,0.83333,0.00000,0.50000,5,1,120.00000,120.00000,678.22729,1356.45457,0.00000,67.14737,0.00000,1356.44524,0.03425
llama,low_to_high_median,0.00000,frozen,RandomForest,core,0.50000,0.00000,1.00000,0.00000,0.50000,5,1,120.00000,120.00000,678.22729,1356.45457,0.00000,67.14737,0.00000,1356.44524,0.03425
llama,low_to_high_q25,0.25000,adaptive,LogReg,core,1.00000,0.00000,1.00000,0.00000,1.00000,5,1,120.00000,120.00000,671.55237,1343.10475,0.00000,66.48652,0.00000,1343.08952,0.08401
llama,low_to_high_q25,0.25000,adaptive,RandomForest,core,1.00000,0.00000,1.00000,0.00000,1.00000,5,1,120.00000,120.00000,671.55237,1343.10475,0.00000,66.48652,0.00000,1343.08952,0.08401
llama,low_to_high_q25,0.25000,frozen,LogReg,core,0.50000,0.00000,0.83333,0.00000,0.50000,5,1,120.00000,120.00000,671.55237,1343.10475,0.00000,66.48652,0.00000,1343.08952,0.08401
llama,low_to_high_q25,0.25000,frozen,RandomForest,core,0.50000,0.00000,1.00000,0.00000,0.50000,5,1,120.00000,120.00000,671.55237,1343.10475,0.00000,66.48652,0.00000,1343.08952,0.08401
llama,low_to_high_q50,0.50000,adaptive,LogReg,core,1.00000,0.00000,1.00000,0.00000,1.00000,5,1,120.00000,120.00000,678.22729,1356.45457,0.00000,67.14737,0.00000,1356.44524,0.03425
llama,low_to_high_q50,0.50000,adaptive,RandomForest,core,1.00000,0.00000,1.00000,0.00000,1.00000,5,1,120.00000,120.00000,678.22729,1356.45457,0.00000,67.14737,0.00000,1356.44524,0.03425
llama,low_to_high_q50,0.50000,frozen,LogReg,core,0.50000,0.00000,0.83333,0.00000,0.50000,5,1,120.00000,120.00000,678.22729,1356.45457,0.00000,67.14737,0.00000,1356.44524,0.03425
llama,low_to_high_q50,0.50000,frozen,RandomForest,core,0.50000,0.00000,1.00000,0.00000,0.50000,5,1,120.00000,120.00000,678.22729,1356.45457,0.00000,67.14737,0.00000,1356.44524,0.03425
llama,low_to_high_q75,0.75000,adaptive,LogReg,core,1.00000,0.00000,1.00000,0.00000,1.00000,5,1,120.00000,120.00000,682.32921,1364.65842,0.00000,67.55348,0.00000,1364.66388,0.00930
llama,low_to_high_q75,0.75000,adaptive,RandomForest,core,1.00000,0.00000,1.00000,0.00000,1.00000,5,1,120.00000,120.00000,682.32921,1364.65842,0.00000,67.55348,0.00000,1364.66388,0.00930
llama,low_to_high_q75,0.75000,frozen,LogReg,core,0.50000,0.00000,0.83333,0.00000,0.50000,5,1,120.00000,120.00000,682.32921,1364.65842,0.00000,67.55348,0.00000,1364.66388,0.00930
llama,low_to_high_q75,0.75000,frozen,RandomForest,core,0.50000,0.00000,1.00000,0.00000,0.50000,5,1,120.00000,120.00000,682.32921,1364.65842,0.00000,67.55348,0.00000,1364.66388,0.00930
llama,low_to_high_q90,0.90000,adaptive,LogReg,core,1.00000,0.00000,1.00000,0.00000,1.00000,5,1,120.00000,120.00000,690.60241,1381.20483,0.00000,68.37256,0.00000,1381.21402,0.07971
llama,low_to_high_q90,0.90000,adaptive,RandomForest,core,1.00000,0.00000,1.00000,0.00000,1.00000,5,1,120.00000,120.00000,690.60241,1381.20483,0.00000,68.37256,0.00000,1381.21402,0.07971
llama,low_to_high_q90,0.90000,frozen,LogReg,core,0.50000,0.00000,0.83333,0.00000,0.50000,5,1,120.00000,120.00000,690.60241,1381.20483,0.00000,68.37256,0.00000,1381.21402,0.07971
llama,low_to_high_q90,0.90000,frozen,RandomForest,core,0.50000,0.00000,1.00000,0.00000,0.50000,5,1,120.00000,120.00000,690.60241,1381.20483,0.00000,68.37256,0.00000,1381.21402,0.07971
llama,none,0.00000,adaptive,LogReg,core,1.00000,0.00000,1.00000,0.00000,1.00000,5,1,120.00000,120.00000,0.00000,0.00000,0.00000,0.00000,0.00000,,
llama,none,0.00000,adaptive,RandomForest,core,1.00000,0.00000,1.00000,0.00000,1.00000,5,1,120.00000,120.00000,0.00000,0.00000,0.00000,0.00000,0.00000,,
llama,none,0.00000,frozen,LogReg,core,1.00000,0.00000,1.00000,0.00000,1.00000,5,1,120.00000,120.00000,0.00000,0.00000,0.00000,0.00000,0.00000,,
llama,none,0.00000,frozen,RandomForest,core,1.00000,0.00000,1.00000,0.00000,1.00000,5,1,120.00000,120.00000,0.00000,0.00000,0.00000,0.00000,0.00000,,
llama,ttft_const_pad,25.00000,adaptive,LogReg,core,1.00000,0.00000,1.00000,0.00000,1.00000,5,1,120.00000,120.00000,25.00000,25.00000,25.00000,0.39502,0.00772,,
llama,ttft_const_pad,25.00000,adaptive,RandomForest,core,1.00000,0.00000,1.00000,0.00000,1.00000,5,1,120.00000,120.00000,25.00000,25.00000,25.00000,0.39502,0.00772,,
llama,ttft_const_pad,25.00000,frozen,LogReg,core,1.00000,0.00000,1.00000,0.00000,1.00000,5,1,120.00000,120.00000,25.00000,25.00000,25.00000,0.39502,0.00772,,
llama,ttft_const_pad,25.00000,frozen,RandomForest,core,1.00000,0.00000,1.00000,0.00000,1.00000,5,1,120.00000,120.00000,25.00000,25.00000,25.00000,0.39502,0.00772,,
llama,ttft_const_pad,50.00000,adaptive,LogReg,core,1.00000,0.00000,1.00000,0.00000,1.00000,5,1,120.00000,120.00000,50.00000,50.00000,50.00000,0.79005,0.01545,,
llama,ttft_const_pad,50.00000,adaptive,RandomForest,core,1.00000,0.00000,1.00000,0.00000,1.00000,5,1,120.00000,120.00000,50.00000,50.00000,50.00000,0.79005,0.01545,,
llama,ttft_const_pad,50.00000,frozen,LogReg,core,1.00000,0.00000,1.00000,0.00000,1.00000,5,1,120.00000,120.00000,50.00000,50.00000,50.00000,0.79005,0.01545,,
llama,ttft_const_pad,50.00000,frozen,RandomForest,core,1.00000,0.00000,1.00000,0.00000,1.00000,5,1,120.00000,120.00000,50.00000,50.00000,50.00000,0.79005,0.01545,,
llama,ttft_const_pad,100.00000,adaptive,LogReg,core,1.00000,0.00000,1.00000,0.00000,1.00000,5,1,120.00000,120.00000,100.00000,100.00000,100.00000,1.58009,0.03089,,
llama,ttft_const_pad,100.00000,adaptive,RandomForest,core,1.00000,0.00000,1.00000,0.00000,1.00000,5,1,120.00000,120.00000,100.00000,100.00000,100.00000,1.58009,0.03089,,
llama,ttft_const_pad,100.00000,frozen,LogReg,core,1.00000,0.00000,1.00000,0.00000,1.00000,5,1,120.00000,120.00000,100.00000,100.00000,100.00000,1.58009,0.03089,,
llama,ttft_const_pad,100.00000,frozen,RandomForest,core,1.00000,0.00000,1.00000,0.00000,1.00000,5,1,120.00000,120.00000,100.00000,100.00000,100.00000,1.58009,0.03089,,
llama,ttft_const_pad,200.00000,adaptive,LogReg,core,1.00000,0.00000,1.00000,0.00000,1.00000,5,1,120.00000,120.00000,200.00000,200.00000,200.00000,3.16019,0.06179,,
llama,ttft_const_pad,200.00000,adaptive,RandomForest,core,1.00000,0.00000,1.00000,0.00000,1.00000,5,1,120.00000,120.00000,200.00000,200.00000,200.00000,3.16019,0.06179,,
llama,ttft_const_pad,200.00000,frozen,LogReg,core,1.00000,0.00000,1.00000,0.00000,1.00000,5,1,120.00000,120.00000,200.00000,200.00000,200.00000,3.16019,0.06179,,
llama,ttft_const_pad,200.00000,frozen,RandomForest,core,1.00000,0.00000,1.00000,0.00000,1.00000,5,1,120.00000,120.00000,200.00000,200.00000,200.00000,3.16019,0.06179,,
llama,ttft_const_pad,400.00000,adaptive,LogReg,core,1.00000,0.00000,1.00000,0.00000,1.00000,5,1,120.00000,120.00000,400.00000,400.00000,400.00000,6.32038,0.12357,,
llama,ttft_const_pad,400.00000,adaptive,RandomForest,core,1.00000,0.00000,1.00000,0.00000,1.00000,5,1,120.00000,120.00000,400.00000,400.00000,400.00000,6.32038,0.12357,,
llama,ttft_const_pad,400.00000,frozen,LogReg,core,1.00000,0.00000,1.00000,0.00000,1.00000,5,1,120.00000,120.00000,400.00000,400.00000,400.00000,6.32038,0.12357,,
llama,ttft_const_pad,400.00000,frozen,RandomForest,core,1.00000,0.00000,1.00000,0.00000,1.00000,5,1,120.00000,120.00000,400.00000,400.00000,400.00000,6.32038,0.12357,,
llama,ttft_const_pad,800.00000,adaptive,LogReg,core,1.00000,0.00000,1.00000,0.00000,1.00000,5,1,120.00000,120.00000,800.00000,800.00000,800.00000,12.64075,0.24714,,
llama,ttft_const_pad,800.00000,adaptive,RandomForest,core,1.00000,0.00000,1.00000,0.00000,1.00000,5,1,120.00000,120.00000,800.00000,800.00000,800.00000,12.64075,0.24714,,
llama,ttft_const_pad,800.00000,frozen,LogReg,core,1.00000,0.00000,1.00000,0.00000,1.00000,5,1,120.00000,120.00000,800.00000,800.00000,800.00000,12.64075,0.24714,,
llama,ttft_const_pad,800.00000,frozen,RandomForest,core,1.00000,0.00000,1.00000,0.00000,1.00000,5,1,120.00000,120.00000,800.00000,800.00000,800.00000,12.64075,0.24714,,
llama,ttft_const_pad,1200.00000,adaptive,LogReg,core,1.00000,0.00000,1.00000,0.00000,1.00000,5,1,120.00000,120.00000,1200.00000,1200.00000,1200.00000,18.96113,0.37071,,
llama,ttft_const_pad,1200.00000,adaptive,RandomForest,core,1.00000,0.00000,1.00000,0.00000,1.00000,5,1,120.00000,120.00000,1200.00000,1200.00000,1200.00000,18.96113,0.37071,,
llama,ttft_const_pad,1200.00000,frozen,LogReg,core,1.00000,0.00000,1.00000,0.00000,1.00000,5,1,120.00000,120.00000,1200.00000,1200.00000,1200.00000,18.96113,0.37071,,
llama,ttft_const_pad,1200.00000,frozen,RandomForest,core,1.00000,0.00000,1.00000,0.00000,1.00000,5,1,120.00000,120.00000,1200.00000,1200.00000,1200.00000,18.96113,0.37071,,
llama,ttft_floor_pad,50.00000,adaptive,LogReg,core,1.00000,0.00000,1.00000,0.00000,1.00000,5,1,120.00000,120.00000,0.00000,0.00000,0.00000,0.00000,0.00000,,
llama,ttft_floor_pad,50.00000,adaptive,RandomForest,core,1.00000,0.00000,1.00000,0.00000,1.00000,5,1,120.00000,120.00000,0.00000,0.00000,0.00000,0.00000,0.00000,,
llama,ttft_floor_pad,50.00000,frozen,LogReg,core,1.00000,0.00000,1.00000,0.00000,1.00000,5,1,120.00000,120.00000,0.00000,0.00000,0.00000,0.00000,0.00000,,
llama,ttft_floor_pad,50.00000,frozen,RandomForest,core,1.00000,0.00000,1.00000,0.00000,1.00000,5,1,120.00000,120.00000,0.00000,0.00000,0.00000,0.00000,0.00000,,
llama,ttft_floor_pad,100.00000,adaptive,LogReg,core,1.00000,0.00000,1.00000,0.00000,1.00000,5,1,120.00000,120.00000,0.00000,36.71264,0.00000,0.58009,0.00000,,
llama,ttft_floor_pad,100.00000,adaptive,RandomForest,core,1.00000,0.00000,1.00000,0.00000,1.00000,5,1,120.00000,120.00000,0.00000,36.71264,0.00000,0.58009,0.00000,,
llama,ttft_floor_pad,100.00000,frozen,LogReg,core,1.00000,0.00000,1.00000,0.00000,1.00000,5,1,120.00000,120.00000,0.00000,36.71264,0.00000,0.58009,0.00000,,
llama,ttft_floor_pad,100.00000,frozen,RandomForest,core,1.00000,0.00000,1.00000,0.00000,1.00000,5,1,120.00000,120.00000,0.00000,36.71264,0.00000,0.58009,0.00000,,
llama,ttft_floor_pad,200.00000,adaptive,LogReg,core,1.00000,0.00000,1.00000,0.00000,1.00000,5,1,120.00000,120.00000,45.25607,136.71264,0.00000,2.16019,0.00000,,
llama,ttft_floor_pad,200.00000,adaptive,RandomForest,core,1.00000,0.00000,1.00000,0.00000,1.00000,5,1,120.00000,120.00000,45.25607,136.71264,0.00000,2.16019,0.00000,,
llama,ttft_floor_pad,200.00000,frozen,LogReg,core,1.00000,0.00000,1.00000,0.00000,1.00000,5,1,120.00000,120.00000,45.25607,136.71264,0.00000,2.16019,0.00000,,
llama,ttft_floor_pad,200.00000,frozen,RandomForest,core,1.00000,0.00000,1.00000,0.00000,1.00000,5,1,120.00000,120.00000,45.25607,136.71264,0.00000,2.16019,0.00000,,
llama,ttft_floor_pad,400.00000,adaptive,LogReg,core,1.00000,0.00000,1.00000,0.00000,1.00000,5,1,120.00000,120.00000,145.25607,336.71264,0.00000,5.32038,0.00000,,
llama,ttft_floor_pad,400.00000,adaptive,RandomForest,core,1.00000,0.00000,1.00000,0.00000,1.00000,5,1,120.00000,120.00000,145.25607,336.71264,0.00000,5.32038,0.00000,,
llama,ttft_floor_pad,400.00000,frozen,LogReg,core,1.00000,0.00000,1.00000,0.00000,1.00000,5,1,120.00000,120.00000,145.25607,336.71264,0.00000,5.32038,0.00000,,
llama,ttft_floor_pad,400.00000,frozen,RandomForest,core,1.00000,0.00000,1.00000,0.00000,1.00000,5,1,120.00000,120.00000,145.25607,336.71264,0.00000,5.32038,0.00000,,
llama,ttft_floor_pad,800.00000,adaptive,LogReg,core,1.00000,0.00000,1.00000,0.00000,1.00000,5,1,120.00000,120.00000,345.25607,736.71264,0.00000,11.64075,0.00000,,
llama,ttft_floor_pad,800.00000,adaptive,RandomForest,core,1.00000,0.00000,1.00000,0.00000,1.00000,5,1,120.00000,120.00000,345.25607,736.71264,0.00000,11.64075,0.00000,,
llama,ttft_floor_pad,800.00000,frozen,LogReg,core,1.00000,0.00000,1.00000,0.00000,1.00000,5,1,120.00000,120.00000,345.25607,736.71264,0.00000,11.64075,0.00000,,
llama,ttft_floor_pad,800.00000,frozen,RandomForest,core,1.00000,0.00000,1.00000,0.00000,1.00000,5,1,120.00000,120.00000,345.25607,736.71264,0.00000,11.64075,0.00000,,
llama,ttft_floor_pad,1200.00000,adaptive,LogReg,core,1.00000,0.00000,1.00000,0.00000,1.00000,5,1,120.00000,120.00000,545.25607,1136.71264,0.00000,17.96113,0.00000,,
llama,ttft_floor_pad,1200.00000,adaptive,RandomForest,core,1.00000,0.00000,1.00000,0.00000,1.00000,5,1,120.00000,120.00000,545.25607,1136.71264,0.00000,17.96113,0.00000,,
llama,ttft_floor_pad,1200.00000,frozen,LogReg,core,1.00000,0.00000,1.00000,0.00000,1.00000,5,1,120.00000,120.00000,545.25607,1136.71264,0.00000,17.96113,0.00000,,
llama,ttft_floor_pad,1200.00000,frozen,RandomForest,core,1.00000,0.00000,1.00000,0.00000,1.00000,5,1,120.00000,120.00000,545.25607,1136.71264,0.00000,17.96113,0.00000,,
llama,ttft_floor_pad,1600.00000,adaptive,LogReg,core,1.00000,0.00000,1.00000,0.00000,1.00000,5,1,120.00000,120.00000,844.25910,1536.71264,0.00000,24.28151,0.00000,,
llama,ttft_floor_pad,1600.00000,adaptive,RandomForest,core,1.00000,0.00000,1.00000,0.00000,1.00000,5,1,120.00000,120.00000,844.25910,1536.71264,0.00000,24.28151,0.00000,,
llama,ttft_floor_pad,1600.00000,frozen,LogReg,core,1.00000,0.00000,1.00000,0.00000,1.00000,5,1,120.00000,120.00000,844.25910,1536.71264,0.00000,24.28151,0.00000,,
llama,ttft_floor_pad,1600.00000,frozen,RandomForest,core,1.00000,0.00000,1.00000,0.00000,1.00000,5,1,120.00000,120.00000,844.25910,1536.71264,0.00000,24.28151,0.00000,,
llama,ttft_jitter_nonneg,25.00000,adaptive,LogReg,core,1.00000,0.00000,1.00000,0.00000,1.00000,5,2,120.00000,120.00000,12.18903,12.42215,12.06796,0.20064,0.00433,,
llama,ttft_jitter_nonneg,25.00000,adaptive,RandomForest,core,1.00000,0.00000,1.00000,0.00000,1.00000,5,2,120.00000,120.00000,12.18903,12.42215,12.06796,0.20064,0.00433,,
llama,ttft_jitter_nonneg,25.00000,frozen,LogReg,core,1.00000,0.00000,1.00000,0.00000,1.00000,5,2,120.00000,120.00000,12.18903,12.42215,12.06796,0.20064,0.00433,,
llama,ttft_jitter_nonneg,25.00000,frozen,RandomForest,core,1.00000,0.00000,1.00000,0.00000,1.00000,5,2,120.00000,120.00000,12.18903,12.42215,12.06796,0.20064,0.00433,,
llama,ttft_jitter_nonneg,50.00000,adaptive,LogReg,core,1.00000,0.00000,1.00000,0.00000,1.00000,5,2,120.00000,120.00000,24.85475,25.13709,24.52883,0.39452,0.00841,,
llama,ttft_jitter_nonneg,50.00000,adaptive,RandomForest,core,1.00000,0.00000,1.00000,0.00000,1.00000,5,2,120.00000,120.00000,24.85475,25.13709,24.52883,0.39452,0.00841,,
llama,ttft_jitter_nonneg,50.00000,frozen,LogReg,core,1.00000,0.00000,1.00000,0.00000,1.00000,5,2,120.00000,120.00000,24.85475,25.13709,24.52883,0.39452,0.00841,,
llama,ttft_jitter_nonneg,50.00000,frozen,RandomForest,core,1.00000,0.00000,1.00000,0.00000,1.00000,5,2,120.00000,120.00000,24.85475,25.13709,24.52883,0.39452,0.00841,,
llama,ttft_jitter_nonneg,100.00000,adaptive,LogReg,core,1.00000,0.00000,1.00000,0.00000,1.00000,5,2,120.00000,120.00000,49.13217,47.05683,51.80467,0.74300,0.01804,,
llama,ttft_jitter_nonneg,100.00000,adaptive,RandomForest,core,1.00000,0.00000,1.00000,0.00000,1.00000,5,2,120.00000,120.00000,49.13217,47.05683,51.80467,0.74300,0.01804,,
llama,ttft_jitter_nonneg,100.00000,frozen,LogReg,core,1.00000,0.00000,1.00000,0.00000,1.00000,5,2,120.00000,120.00000,49.13217,47.05683,51.80467,0.74300,0.01804,,
llama,ttft_jitter_nonneg,100.00000,frozen,RandomForest,core,1.00000,0.00000,1.00000,0.00000,1.00000,5,2,120.00000,120.00000,49.13217,47.05683,51.80467,0.74300,0.01804,,
llama,ttft_jitter_nonneg,200.00000,adaptive,LogReg,core,1.00000,0.00000,1.00000,0.00000,1.00000,5,2,120.00000,120.00000,103.15097,100.89636,104.67270,1.57948,0.03567,,
llama,ttft_jitter_nonneg,200.00000,adaptive,RandomForest,core,1.00000,0.00000,1.00000,0.00000,1.00000,5,2,120.00000,120.00000,103.15097,100.89636,104.67270,1.57948,0.03567,,
llama,ttft_jitter_nonneg,200.00000,frozen,LogReg,core,1.00000,0.00000,1.00000,0.00000,1.00000,5,2,120.00000,120.00000,103.15097,100.89636,104.67270,1.57948,0.03567,,
llama,ttft_jitter_nonneg,200.00000,frozen,RandomForest,core,1.00000,0.00000,1.00000,0.00000,1.00000,5,2,120.00000,120.00000,103.15097,100.89636,104.67270,1.57948,0.03567,,
llama,ttft_jitter_nonneg,400.00000,adaptive,LogReg,core,1.00000,0.00000,1.00000,0.00000,1.00000,5,2,120.00000,120.00000,200.10427,196.03608,203.14628,3.09472,0.07300,,
llama,ttft_jitter_nonneg,400.00000,adaptive,RandomForest,core,1.00000,0.00000,1.00000,0.00000,1.00000,5,2,120.00000,120.00000,200.10427,196.03608,203.14628,3.09472,0.07300,,
llama,ttft_jitter_nonneg,400.00000,frozen,LogReg,core,1.00000,0.00000,1.00000,0.00000,1.00000,5,2,120.00000,120.00000,200.10427,196.03608,203.14628,3.09472,0.07300,,
llama,ttft_jitter_nonneg,400.00000,frozen,RandomForest,core,1.00000,0.00000,1.00000,0.00000,1.00000,5,2,120.00000,120.00000,200.10427,196.03608,203.14628,3.09472,0.07300,,
llama,ttft_jitter_nonneg,800.00000,adaptive,LogReg,core,1.00000,0.00000,1.00000,0.00000,1.00000,5,2,120.00000,120.00000,398.09955,393.37297,404.91178,6.10761,0.14284,,
llama,ttft_jitter_nonneg,800.00000,adaptive,RandomForest,core,1.00000,0.00000,1.00000,0.00000,1.00000,5,2,120.00000,120.00000,398.09955,393.37297,404.91178,6.10761,0.14284,,
llama,ttft_jitter_nonneg,800.00000,frozen,LogReg,core,1.00000,0.00000,1.00000,0.00000,1.00000,5,2,120.00000,120.00000,398.09955,393.37297,404.91178,6.10761,0.14284,,
llama,ttft_jitter_nonneg,800.00000,frozen,RandomForest,core,1.00000,0.00000,1.00000,0.00000,1.00000,5,2,120.00000,120.00000,398.09955,393.37297,404.91178,6.10761,0.14284,,
llama,ttft_jitter_nonneg,1200.00000,adaptive,LogReg,core,1.00000,0.00000,1.00000,0.00000,1.00000,5,2,120.00000,120.00000,614.50760,627.94199,605.50714,9.87029,0.20974,,
llama,ttft_jitter_nonneg,1200.00000,adaptive,RandomForest,core,1.00000,0.00000,1.00000,0.00000,1.00000,5,2,120.00000,120.00000,614.50760,627.94199,605.50714,9.87029,0.20974,,
llama,ttft_jitter_nonneg,1200.00000,frozen,LogReg,core,1.00000,0.00000,1.00000,0.00000,1.00000,5,2,120.00000,120.00000,614.50760,627.94199,605.50714,9.87029,0.20974,,
llama,ttft_jitter_nonneg,1200.00000,frozen,RandomForest,core,1.00000,0.00000,1.00000,0.00000,1.00000,5,2,120.00000,120.00000,614.50760,627.94199,605.50714,9.87029,0.20974,,
llama,ttft_jitter_sym,25.00000,adaptive,LogReg,core,1.00000,0.00000,1.00000,0.00000,1.00000,5,2,120.00000,120.00000,1.51459,2.32907,0.76417,0.03753,0.00023,,
llama,ttft_jitter_sym,25.00000,adaptive,RandomForest,core,1.00000,0.00000,1.00000,0.00000,1.00000,5,2,120.00000,120.00000,1.51459,2.32907,0.76417,0.03753,0.00023,,
llama,ttft_jitter_sym,25.00000,frozen,LogReg,core,1.00000,0.00000,1.00000,0.00000,1.00000,5,2,120.00000,120.00000,1.51459,2.32907,0.76417,0.03753,0.00023,,
llama,ttft_jitter_sym,25.00000,frozen,RandomForest,core,1.00000,0.00000,1.00000,0.00000,1.00000,5,2,120.00000,120.00000,1.51459,2.32907,0.76417,0.03753,0.00023,,
llama,ttft_jitter_sym,50.00000,adaptive,LogReg,core,1.00000,0.00000,1.00000,0.00000,1.00000,5,2,120.00000,120.00000,1.85519,1.53614,2.40756,0.02588,0.00105,,
llama,ttft_jitter_sym,50.00000,adaptive,RandomForest,core,1.00000,0.00000,1.00000,0.00000,1.00000,5,2,120.00000,120.00000,1.85519,1.53614,2.40756,0.02588,0.00105,,
llama,ttft_jitter_sym,50.00000,frozen,LogReg,core,1.00000,0.00000,1.00000,0.00000,1.00000,5,2,120.00000,120.00000,1.85519,1.53614,2.40756,0.02588,0.00105,,
llama,ttft_jitter_sym,50.00000,frozen,RandomForest,core,1.00000,0.00000,1.00000,0.00000,1.00000,5,2,120.00000,120.00000,1.85519,1.53614,2.40756,0.02588,0.00105,,
llama,ttft_jitter_sym,100.00000,adaptive,LogReg,core,1.00000,0.00000,1.00000,0.00000,1.00000,5,2,120.00000,120.00000,1.34773,0.41926,3.49718,0.00670,0.00133,,
llama,ttft_jitter_sym,100.00000,adaptive,RandomForest,core,1.00000,0.00000,1.00000,0.00000,1.00000,5,2,120.00000,120.00000,1.34773,0.41926,3.49718,0.00670,0.00133,,
llama,ttft_jitter_sym,100.00000,frozen,LogReg,core,1.00000,0.00000,1.00000,0.00000,1.00000,5,2,120.00000,120.00000,1.34773,0.41926,3.49718,0.00670,0.00133,,
llama,ttft_jitter_sym,100.00000,frozen,RandomForest,core,1.00000,0.00000,1.00000,0.00000,1.00000,5,2,120.00000,120.00000,1.34773,0.41926,3.49718,0.00670,0.00133,,
llama,ttft_jitter_sym,200.00000,adaptive,LogReg,core,1.00000,0.00000,1.00000,0.00000,1.00000,5,2,120.00000,120.00000,11.11771,1.72482,16.54204,0.02750,0.00567,,
llama,ttft_jitter_sym,200.00000,adaptive,RandomForest,core,1.00000,0.00000,1.00000,0.00000,1.00000,5,2,120.00000,120.00000,11.11771,1.72482,16.54204,0.02750,0.00567,,
llama,ttft_jitter_sym,200.00000,frozen,LogReg,core,1.00000,0.00000,1.00000,0.00000,1.00000,5,2,120.00000,120.00000,11.11771,1.72482,16.54204,0.02750,0.00567,,
llama,ttft_jitter_sym,200.00000,frozen,RandomForest,core,1.00000,0.00000,1.00000,0.00000,1.00000,5,2,120.00000,120.00000,11.11771,1.72482,16.54204,0.02750,0.00567,,
llama,ttft_jitter_sym,400.00000,adaptive,LogReg,core,1.00000,0.00000,1.00000,0.00000,1.00000,5,2,120.00000,120.00000,8.02729,9.46940,4.29745,0.17406,0.00144,,
llama,ttft_jitter_sym,400.00000,adaptive,RandomForest,core,1.00000,0.00000,1.00000,0.00000,1.00000,5,2,120.00000,120.00000,8.02729,9.46940,4.29745,0.17406,0.00144,,
llama,ttft_jitter_sym,400.00000,frozen,LogReg,core,1.00000,0.00000,1.00000,0.00000,1.00000,5,2,120.00000,120.00000,8.02729,9.46940,4.29745,0.17406,0.00144,,
llama,ttft_jitter_sym,400.00000,frozen,RandomForest,core,1.00000,0.00000,1.00000,0.00000,1.00000,5,2,120.00000,120.00000,8.02729,9.46940,4.29745,0.17406,0.00144,,
llama,ttft_jitter_sym,800.00000,adaptive,LogReg,core,1.00000,0.00000,1.00000,0.00000,1.00000,5,2,120.00000,120.00000,14.54027,-4.97497,56.17694,-0.08372,0.01963,,
llama,ttft_jitter_sym,800.00000,adaptive,RandomForest,core,1.00000,0.00000,1.00000,0.00000,1.00000,5,2,120.00000,120.00000,14.54027,-4.97497,56.17694,-0.08372,0.01963,,
llama,ttft_jitter_sym,800.00000,frozen,LogReg,core,1.00000,0.00000,1.00000,0.00000,1.00000,5,2,120.00000,120.00000,14.54027,-4.97497,56.17694,-0.08372,0.01963,,
llama,ttft_jitter_sym,800.00000,frozen,RandomForest,core,1.00000,0.00000,1.00000,0.00000,1.00000,5,2,120.00000,120.00000,14.54027,-4.97497,56.17694,-0.08372,0.01963,,
llama,ttft_jitter_sym,1200.00000,adaptive,LogReg,core,1.00000,0.00000,1.00000,0.00000,1.00000,5,2,120.00000,120.00000,-6.47872,-26.42518,11.08388,-0.49420,0.00369,,
llama,ttft_jitter_sym,1200.00000,adaptive,RandomForest,core,1.00000,0.00000,1.00000,0.00000,1.00000,5,2,120.00000,120.00000,-6.47872,-26.42518,11.08388,-0.49420,0.00369,,
llama,ttft_jitter_sym,1200.00000,frozen,LogReg,core,0.99958,0.00132,1.00000,0.00000,0.99958,5,2,120.00000,120.00000,-6.47872,-26.42518,11.08388,-0.49420,0.00369,,
llama,ttft_jitter_sym,1200.00000,frozen,RandomForest,core,1.00000,0.00000,1.00000,0.00000,1.00000,5,2,120.00000,120.00000,-6.47872,-26.42518,11.08388,-0.49420,0.00369,,
qwen,itl_floor_pad,25.00000,adaptive,LogReg,core,1.00000,0.00000,1.00000,0.00000,1.00000,5,1,120.00000,120.00000,2.14778,5.76065,0.00000,0.29942,0.00000,,
qwen,itl_floor_pad,25.00000,adaptive,RandomForest,core,1.00000,0.00000,1.00000,0.00000,1.00000,5,1,120.00000,120.00000,2.14778,5.76065,0.00000,0.29942,0.00000,,
qwen,itl_floor_pad,25.00000,frozen,LogReg,core,1.00000,0.00000,1.00000,0.00000,1.00000,5,1,120.00000,120.00000,2.14778,5.76065,0.00000,0.29942,0.00000,,
qwen,itl_floor_pad,25.00000,frozen,RandomForest,core,1.00000,0.00000,1.00000,0.00000,1.00000,5,1,120.00000,120.00000,2.14778,5.76065,0.00000,0.29942,0.00000,,
qwen,itl_floor_pad,50.00000,adaptive,LogReg,core,1.00000,0.00000,1.00000,0.00000,1.00000,5,1,120.00000,120.00000,14.64778,30.76065,0.00000,1.59884,0.00000,,
qwen,itl_floor_pad,50.00000,adaptive,RandomForest,core,1.00000,0.00000,1.00000,0.00000,1.00000,5,1,120.00000,120.00000,14.64778,30.76065,0.00000,1.59884,0.00000,,
qwen,itl_floor_pad,50.00000,frozen,LogReg,core,1.00000,0.00000,1.00000,0.00000,1.00000,5,1,120.00000,120.00000,14.64778,30.76065,0.00000,1.59884,0.00000,,
qwen,itl_floor_pad,50.00000,frozen,RandomForest,core,1.00000,0.00000,1.00000,0.00000,1.00000,5,1,120.00000,120.00000,14.64778,30.76065,0.00000,1.59884,0.00000,,
qwen,itl_floor_pad,100.00000,adaptive,LogReg,core,1.00000,0.00000,1.00000,0.00000,1.00000,5,1,120.00000,120.00000,39.64778,80.76065,0.00000,4.19768,0.00000,,
qwen,itl_floor_pad,100.00000,adaptive,RandomForest,core,1.00000,0.00000,1.00000,0.00000,1.00000,5,1,120.00000,120.00000,39.64778,80.76065,0.00000,4.19768,0.00000,,
qwen,itl_floor_pad,100.00000,frozen,LogReg,core,1.00000,0.00000,1.00000,0.00000,1.00000,5,1,120.00000,120.00000,39.64778,80.76065,0.00000,4.19768,0.00000,,
qwen,itl_floor_pad,100.00000,frozen,RandomForest,core,1.00000,0.00000,1.00000,0.00000,1.00000,5,1,120.00000,120.00000,39.64778,80.76065,0.00000,4.19768,0.00000,,
qwen,itl_floor_pad,200.00000,adaptive,LogReg,core,1.00000,0.00000,1.00000,0.00000,1.00000,5,1,120.00000,120.00000,89.64778,180.76065,0.00000,9.39536,0.00000,,
qwen,itl_floor_pad,200.00000,adaptive,RandomForest,core,1.00000,0.00000,1.00000,0.00000,1.00000,5,1,120.00000,120.00000,89.64778,180.76065,0.00000,9.39536,0.00000,,
qwen,itl_floor_pad,200.00000,frozen,LogReg,core,1.00000,0.00000,1.00000,0.00000,1.00000,5,1,120.00000,120.00000,89.64778,180.76065,0.00000,9.39536,0.00000,,
qwen,itl_floor_pad,200.00000,frozen,RandomForest,core,1.00000,0.00000,1.00000,0.00000,1.00000,5,1,120.00000,120.00000,89.64778,180.76065,0.00000,9.39536,0.00000,,
qwen,itl_floor_pad,400.00000,adaptive,LogReg,core,1.00000,0.00000,1.00000,0.00000,1.00000,5,1,120.00000,120.00000,189.64778,380.76065,0.00000,19.79072,0.00000,,
qwen,itl_floor_pad,400.00000,adaptive,RandomForest,core,1.00000,0.00000,1.00000,0.00000,1.00000,5,1,120.00000,120.00000,189.64778,380.76065,0.00000,19.79072,0.00000,,
qwen,itl_floor_pad,400.00000,frozen,LogReg,core,1.00000,0.00000,1.00000,0.00000,1.00000,5,1,120.00000,120.00000,189.64778,380.76065,0.00000,19.79072,0.00000,,
qwen,itl_floor_pad,400.00000,frozen,RandomForest,core,1.00000,0.00000,1.00000,0.00000,1.00000,5,1,120.00000,120.00000,189.64778,380.76065,0.00000,19.79072,0.00000,,
qwen,itl_floor_pad,800.00000,adaptive,LogReg,core,1.00000,0.00000,1.00000,0.00000,1.00000,5,1,120.00000,120.00000,389.64778,780.76065,0.00000,40.58144,0.00000,,
qwen,itl_floor_pad,800.00000,adaptive,RandomForest,core,1.00000,0.00000,1.00000,0.00000,1.00000,5,1,120.00000,120.00000,389.64778,780.76065,0.00000,40.58144,0.00000,,
qwen,itl_floor_pad,800.00000,frozen,LogReg,core,1.00000,0.00000,1.00000,0.00000,1.00000,5,1,120.00000,120.00000,389.64778,780.76065,0.00000,40.58144,0.00000,,
qwen,itl_floor_pad,800.00000,frozen,RandomForest,core,0.50000,0.00000,1.00000,0.00000,0.50000,5,1,120.00000,120.00000,389.64778,780.76065,0.00000,40.58144,0.00000,,
qwen,itl_floor_pad,1200.00000,adaptive,LogReg,core,1.00000,0.00000,1.00000,0.00000,1.00000,5,1,120.00000,120.00000,589.64778,1180.76065,0.00000,61.37217,0.00000,,
qwen,itl_floor_pad,1200.00000,adaptive,RandomForest,core,1.00000,0.00000,1.00000,0.00000,1.00000,5,1,120.00000,120.00000,589.64778,1180.76065,0.00000,61.37217,0.00000,,
qwen,itl_floor_pad,1200.00000,frozen,LogReg,core,0.50000,0.00000,1.00000,0.00000,0.50000,5,1,120.00000,120.00000,589.64778,1180.76065,0.00000,61.37217,0.00000,,
qwen,itl_floor_pad,1200.00000,frozen,RandomForest,core,0.50000,0.00000,1.00000,0.00000,0.50000,5,1,120.00000,120.00000,589.64778,1180.76065,0.00000,61.37217,0.00000,,
qwen,itl_floor_pad,1600.00000,adaptive,LogReg,core,1.00000,0.00000,1.00000,0.00000,1.00000,5,1,120.00000,120.00000,860.94015,1580.76065,133.03814,82.16289,0.09069,,
qwen,itl_floor_pad,1600.00000,adaptive,RandomForest,core,1.00000,0.00000,1.00000,0.00000,1.00000,5,1,120.00000,120.00000,860.94015,1580.76065,133.03814,82.16289,0.09069,,
qwen,itl_floor_pad,1600.00000,frozen,LogReg,core,0.50000,0.00000,1.00000,0.00000,0.50000,5,1,120.00000,120.00000,860.94015,1580.76065,133.03814,82.16289,0.09069,,
qwen,itl_floor_pad,1600.00000,frozen,RandomForest,core,0.50000,0.00000,1.00000,0.00000,0.50000,5,1,120.00000,120.00000,860.94015,1580.76065,133.03814,82.16289,0.09069,,
qwen,itl_jitter_nonneg,5.00000,adaptive,LogReg,core,1.00000,0.00000,1.00000,0.00000,1.00000,5,2,120.00000,120.00000,2.47132,2.45633,2.49170,0.12692,0.00169,,
qwen,itl_jitter_nonneg,5.00000,adaptive,RandomForest,core,1.00000,0.00000,1.00000,0.00000,1.00000,5,2,120.00000,120.00000,2.47132,2.45633,2.49170,0.12692,0.00169,,
qwen,itl_jitter_nonneg,5.00000,frozen,LogReg,core,1.00000,0.00000,1.00000,0.00000,1.00000,5,2,120.00000,120.00000,2.47132,2.45633,2.49170,0.12692,0.00169,,
qwen,itl_jitter_nonneg,5.00000,frozen,RandomForest,core,1.00000,0.00000,1.00000,0.00000,1.00000,5,2,120.00000,120.00000,2.47132,2.45633,2.49170,0.12692,0.00169,,
qwen,itl_jitter_nonneg,10.00000,adaptive,LogReg,core,1.00000,0.00000,1.00000,0.00000,1.00000,5,2,120.00000,120.00000,4.91827,5.03128,4.78578,0.25976,0.00327,,
qwen,itl_jitter_nonneg,10.00000,adaptive,RandomForest,core,1.00000,0.00000,1.00000,0.00000,1.00000,5,2,120.00000,120.00000,4.91827,5.03128,4.78578,0.25976,0.00327,,
qwen,itl_jitter_nonneg,10.00000,frozen,LogReg,core,1.00000,0.00000,1.00000,0.00000,1.00000,5,2,120.00000,120.00000,4.91827,5.03128,4.78578,0.25976,0.00327,,
qwen,itl_jitter_nonneg,10.00000,frozen,RandomForest,core,1.00000,0.00000,1.00000,0.00000,1.00000,5,2,120.00000,120.00000,4.91827,5.03128,4.78578,0.25976,0.00327,,
qwen,itl_jitter_nonneg,25.00000,adaptive,LogReg,core,1.00000,0.00000,1.00000,0.00000,1.00000,5,2,120.00000,120.00000,12.62599,11.95168,13.33939,0.61648,0.00906,,
qwen,itl_jitter_nonneg,25.00000,adaptive,RandomForest,core,1.00000,0.00000,1.00000,0.00000,1.00000,5,2,120.00000,120.00000,12.62599,11.95168,13.33939,0.61648,0.00906,,
qwen,itl_jitter_nonneg,25.00000,frozen,LogReg,core,1.00000,0.00000,1.00000,0.00000,1.00000,5,2,120.00000,120.00000,12.62599,11.95168,13.33939,0.61648,0.00906,,
qwen,itl_jitter_nonneg,25.00000,frozen,RandomForest,core,1.00000,0.00000,1.00000,0.00000,1.00000,5,2,120.00000,120.00000,12.62599,11.95168,13.33939,0.61648,0.00906,,
qwen,itl_jitter_nonneg,50.00000,adaptive,LogReg,core,1.00000,0.00000,1.00000,0.00000,1.00000,5,2,120.00000,120.00000,25.23105,24.73304,25.64289,1.27706,0.01743,,
qwen,itl_jitter_nonneg,50.00000,adaptive,RandomForest,core,1.00000,0.00000,1.00000,0.00000,1.00000,5,2,120.00000,120.00000,25.23105,24.73304,25.64289,1.27706,0.01743,,
qwen,itl_jitter_nonneg,50.00000,frozen,LogReg,core,1.00000,0.00000,1.00000,0.00000,1.00000,5,2,120.00000,120.00000,25.23105,24.73304,25.64289,1.27706,0.01743,,
qwen,itl_jitter_nonneg,50.00000,frozen,RandomForest,core,1.00000,0.00000,1.00000,0.00000,1.00000,5,2,120.00000,120.00000,25.23105,24.73304,25.64289,1.27706,0.01743,,
qwen,itl_jitter_nonneg,100.00000,adaptive,LogReg,core,1.00000,0.00000,1.00000,0.00000,1.00000,5,2,120.00000,120.00000,48.99314,48.31714,49.61960,2.48507,0.03362,,
qwen,itl_jitter_nonneg,100.00000,adaptive,RandomForest,core,1.00000,0.00000,1.00000,0.00000,1.00000,5,2,120.00000,120.00000,48.99314,48.31714,49.61960,2.48507,0.03362,,
qwen,itl_jitter_nonneg,100.00000,frozen,LogReg,core,1.00000,0.00000,1.00000,0.00000,1.00000,5,2,120.00000,120.00000,48.99314,48.31714,49.61960,2.48507,0.03362,,
qwen,itl_jitter_nonneg,100.00000,frozen,RandomForest,core,1.00000,0.00000,1.00000,0.00000,1.00000,5,2,120.00000,120.00000,48.99314,48.31714,49.61960,2.48507,0.03362,,
qwen,itl_jitter_nonneg,200.00000,adaptive,LogReg,core,1.00000,0.00000,1.00000,0.00000,1.00000,5,2,120.00000,120.00000,100.93669,104.54187,98.17571,5.39728,0.06671,,
qwen,itl_jitter_nonneg,200.00000,adaptive,RandomForest,core,1.00000,0.00000,1.00000,0.00000,1.00000,5,2,120.00000,120.00000,100.93669,104.54187,98.17571,5.39728,0.06671,,
qwen,itl_jitter_nonneg,200.00000,frozen,LogReg,core,1.00000,0.00000,1.00000,0.00000,1.00000,5,2,120.00000,120.00000,100.93669,104.54187,98.17571,5.39728,0.06671,,
qwen,itl_jitter_nonneg,200.00000,frozen,RandomForest,core,1.00000,0.00000,1.00000,0.00000,1.00000,5,2,120.00000,120.00000,100.93669,104.54187,98.17571,5.39728,0.06671,,
qwen,itl_jitter_nonneg,400.00000,adaptive,LogReg,core,1.00000,0.00000,1.00000,0.00000,1.00000,5,2,120.00000,120.00000,200.22115,192.07557,209.38739,9.96130,0.14249,,
qwen,itl_jitter_nonneg,400.00000,adaptive,RandomForest,core,1.00000,0.00000,1.00000,0.00000,1.00000,5,2,120.00000,120.00000,200.22115,192.07557,209.38739,9.96130,0.14249,,
qwen,itl_jitter_nonneg,400.00000,frozen,LogReg,core,1.00000,0.00000,1.00000,0.00000,1.00000,5,2,120.00000,120.00000,200.22115,192.07557,209.38739,9.96130,0.14249,,
qwen,itl_jitter_nonneg,400.00000,frozen,RandomForest,core,1.00000,0.00000,1.00000,0.00000,1.00000,5,2,120.00000,120.00000,200.22115,192.07557,209.38739,9.96130,0.14249,,
qwen,itl_jitter_nonneg,800.00000,adaptive,LogReg,core,1.00000,0.00000,1.00000,0.00000,1.00000,5,2,120.00000,120.00000,404.65296,401.56724,410.75864,20.82934,0.27858,,
qwen,itl_jitter_nonneg,800.00000,adaptive,RandomForest,core,1.00000,0.00000,1.00000,0.00000,1.00000,5,2,120.00000,120.00000,404.65296,401.56724,410.75864,20.82934,0.27858,,
qwen,itl_jitter_nonneg,800.00000,frozen,LogReg,core,1.00000,0.00000,1.00000,0.00000,1.00000,5,2,120.00000,120.00000,404.65296,401.56724,410.75864,20.82934,0.27858,,
qwen,itl_jitter_nonneg,800.00000,frozen,RandomForest,core,0.95583,0.01230,1.00000,0.00000,0.95583,5,2,120.00000,120.00000,404.65296,401.56724,410.75864,20.82934,0.27858,,
qwen,itl_jitter_sym,5.00000,adaptive,LogReg,core,1.00000,0.00000,1.00000,0.00000,1.00000,5,2,120.00000,120.00000,-0.04633,-0.08543,0.00992,-0.00410,0.00001,,
qwen,itl_jitter_sym,5.00000,adaptive,RandomForest,core,1.00000,0.00000,1.00000,0.00000,1.00000,5,2,120.00000,120.00000,-0.04633,-0.08543,0.00992,-0.00410,0.00001,,
qwen,itl_jitter_sym,5.00000,frozen,LogReg,core,1.00000,0.00000,1.00000,0.00000,1.00000,5,2,120.00000,120.00000,-0.04633,-0.08543,0.00992,-0.00410,0.00001,,
qwen,itl_jitter_sym,5.00000,frozen,RandomForest,core,1.00000,0.00000,1.00000,0.00000,1.00000,5,2,120.00000,120.00000,-0.04633,-0.08543,0.00992,-0.00410,0.00001,,
qwen,itl_jitter_sym,10.00000,adaptive,LogReg,core,1.00000,0.00000,1.00000,0.00000,1.00000,5,2,120.00000,120.00000,-0.11052,-0.49970,0.13638,-0.02581,0.00009,,
qwen,itl_jitter_sym,10.00000,adaptive,RandomForest,core,1.00000,0.00000,1.00000,0.00000,1.00000,5,2,120.00000,120.00000,-0.11052,-0.49970,0.13638,-0.02581,0.00009,,
qwen,itl_jitter_sym,10.00000,frozen,LogReg,core,1.00000,0.00000,1.00000,0.00000,1.00000,5,2,120.00000,120.00000,-0.11052,-0.49970,0.13638,-0.02581,0.00009,,
qwen,itl_jitter_sym,10.00000,frozen,RandomForest,core,1.00000,0.00000,1.00000,0.00000,1.00000,5,2,120.00000,120.00000,-0.11052,-0.49970,0.13638,-0.02581,0.00009,,
qwen,itl_jitter_sym,25.00000,adaptive,LogReg,core,1.00000,0.00000,1.00000,0.00000,1.00000,5,2,120.00000,120.00000,-0.13603,-0.20598,0.01610,-0.01035,0.00001,,
qwen,itl_jitter_sym,25.00000,adaptive,RandomForest,core,1.00000,0.00000,1.00000,0.00000,1.00000,5,2,120.00000,120.00000,-0.13603,-0.20598,0.01610,-0.01035,0.00001,,
qwen,itl_jitter_sym,25.00000,frozen,LogReg,core,1.00000,0.00000,1.00000,0.00000,1.00000,5,2,120.00000,120.00000,-0.13603,-0.20598,0.01610,-0.01035,0.00001,,
qwen,itl_jitter_sym,25.00000,frozen,RandomForest,core,1.00000,0.00000,1.00000,0.00000,1.00000,5,2,120.00000,120.00000,-0.13603,-0.20598,0.01610,-0.01035,0.00001,,
qwen,itl_jitter_sym,50.00000,adaptive,LogReg,core,1.00000,0.00000,1.00000,0.00000,1.00000,5,2,120.00000,120.00000,0.24355,-1.89822,1.71105,-0.09693,0.00116,,
qwen,itl_jitter_sym,50.00000,adaptive,RandomForest,core,1.00000,0.00000,1.00000,0.00000,1.00000,5,2,120.00000,120.00000,0.24355,-1.89822,1.71105,-0.09693,0.00116,,
qwen,itl_jitter_sym,50.00000,frozen,LogReg,core,1.00000,0.00000,1.00000,0.00000,1.00000,5,2,120.00000,120.00000,0.24355,-1.89822,1.71105,-0.09693,0.00116,,
qwen,itl_jitter_sym,50.00000,frozen,RandomForest,core,1.00000,0.00000,1.00000,0.00000,1.00000,5,2,120.00000,120.00000,0.24355,-1.89822,1.71105,-0.09693,0.00116,,
qwen,itl_jitter_sym,100.00000,adaptive,LogReg,core,1.00000,0.00000,1.00000,0.00000,1.00000,5,2,120.00000,120.00000,2.24594,4.58525,2.10515,0.23614,0.00142,,
qwen,itl_jitter_sym,100.00000,adaptive,RandomForest,core,1.00000,0.00000,1.00000,0.00000,1.00000,5,2,120.00000,120.00000,2.24594,4.58525,2.10515,0.23614,0.00142,,
qwen,itl_jitter_sym,100.00000,frozen,LogReg,core,1.00000,0.00000,1.00000,0.00000,1.00000,5,2,120.00000,120.00000,2.24594,4.58525,2.10515,0.23614,0.00142,,
qwen,itl_jitter_sym,100.00000,frozen,RandomForest,core,1.00000,0.00000,1.00000,0.00000,1.00000,5,2,120.00000,120.00000,2.24594,4.58525,2.10515,0.23614,0.00142,,
qwen,itl_jitter_sym,200.00000,adaptive,LogReg,core,1.00000,0.00000,1.00000,0.00000,1.00000,5,2,120.00000,120.00000,1.27763,-0.75591,2.17171,-0.04477,0.00147,,
qwen,itl_jitter_sym,200.00000,adaptive,RandomForest,core,1.00000,0.00000,1.00000,0.00000,1.00000,5,2,120.00000,120.00000,1.27763,-0.75591,2.17171,-0.04477,0.00147,,
qwen,itl_jitter_sym,200.00000,frozen,LogReg,core,1.00000,0.00000,1.00000,0.00000,1.00000,5,2,120.00000,120.00000,1.27763,-0.75591,2.17171,-0.04477,0.00147,,
qwen,itl_jitter_sym,200.00000,frozen,RandomForest,core,1.00000,0.00000,1.00000,0.00000,1.00000,5,2,120.00000,120.00000,1.27763,-0.75591,2.17171,-0.04477,0.00147,,
qwen,itl_jitter_sym,400.00000,adaptive,LogReg,core,0.99500,0.00264,0.99997,0.00005,0.99500,5,2,120.00000,120.00000,8.44690,-0.99690,12.71732,-0.05312,0.00866,,
qwen,itl_jitter_sym,400.00000,adaptive,RandomForest,core,1.00000,0.00000,1.00000,0.00000,1.00000,5,2,120.00000,120.00000,8.44690,-0.99690,12.71732,-0.05312,0.00866,,
qwen,itl_jitter_sym,400.00000,frozen,LogReg,core,0.97750,0.00527,0.99826,0.00118,0.97750,5,2,120.00000,120.00000,8.44690,-0.99690,12.71732,-0.05312,0.00866,,
qwen,itl_jitter_sym,400.00000,frozen,RandomForest,core,0.96333,0.01017,0.99870,0.00077,0.96333,5,2,120.00000,120.00000,8.44690,-0.99690,12.71732,-0.05312,0.00866,,
qwen,itl_jitter_sym,800.00000,adaptive,LogReg,core,0.99667,0.00430,1.00000,0.00000,0.99667,5,2,120.00000,120.00000,-9.95794,5.27368,-26.70767,0.27129,-0.01806,,
qwen,itl_jitter_sym,800.00000,adaptive,RandomForest,core,1.00000,0.00000,1.00000,0.00000,1.00000,5,2,120.00000,120.00000,-9.95794,5.27368,-26.70767,0.27129,-0.01806,,
qwen,itl_jitter_sym,800.00000,frozen,LogReg,core,0.85542,0.01746,0.93891,0.00957,0.85542,5,2,120.00000,120.00000,-9.95794,5.27368,-26.70767,0.27129,-0.01806,,
qwen,itl_jitter_sym,800.00000,frozen,RandomForest,core,0.82500,0.01843,0.96901,0.00612,0.82500,5,2,120.00000,120.00000,-9.95794,5.27368,-26.70767,0.27129,-0.01806,,
qwen,low_to_high_median,0.00000,adaptive,LogReg,core,1.00000,0.00000,1.00000,0.00000,1.00000,5,1,120.00000,120.00000,723.86126,1447.72251,0.00000,75.24799,0.00000,1447.71427,0.01532
qwen,low_to_high_median,0.00000,adaptive,RandomForest,core,1.00000,0.00000,1.00000,0.00000,1.00000,5,1,120.00000,120.00000,723.86126,1447.72251,0.00000,75.24799,0.00000,1447.71427,0.01532
qwen,low_to_high_median,0.00000,frozen,LogReg,core,0.50000,0.00000,1.00000,0.00000,0.50000,5,1,120.00000,120.00000,723.86126,1447.72251,0.00000,75.24799,0.00000,1447.71427,0.01532
qwen,low_to_high_median,0.00000,frozen,RandomForest,core,0.50000,0.00000,1.00000,0.00000,0.50000,5,1,120.00000,120.00000,723.86126,1447.72251,0.00000,75.24799,0.00000,1447.71427,0.01532
qwen,low_to_high_q25,0.25000,adaptive,LogReg,core,1.00000,0.00000,1.00000,0.00000,1.00000,5,1,120.00000,120.00000,721.24550,1442.49100,0.00000,74.97607,0.00000,1442.34779,0.40515
qwen,low_to_high_q25,0.25000,adaptive,RandomForest,core,1.00000,0.00000,1.00000,0.00000,1.00000,5,1,120.00000,120.00000,721.24550,1442.49100,0.00000,74.97607,0.00000,1442.34779,0.40515
qwen,low_to_high_q25,0.25000,frozen,LogReg,core,0.50000,0.00000,1.00000,0.00000,0.50000,5,1,120.00000,120.00000,721.24550,1442.49100,0.00000,74.97607,0.00000,1442.34779,0.40515
qwen,low_to_high_q25,0.25000,frozen,RandomForest,core,0.50000,0.00000,1.00000,0.00000,0.50000,5,1,120.00000,120.00000,721.24550,1442.49100,0.00000,74.97607,0.00000,1442.34779,0.40515
qwen,low_to_high_q50,0.50000,adaptive,LogReg,core,1.00000,0.00000,1.00000,0.00000,1.00000,5,1,120.00000,120.00000,723.86126,1447.72251,0.00000,75.24799,0.00000,1447.71427,0.01532
qwen,low_to_high_q50,0.50000,adaptive,RandomForest,core,1.00000,0.00000,1.00000,0.00000,1.00000,5,1,120.00000,120.00000,723.86126,1447.72251,0.00000,75.24799,0.00000,1447.71427,0.01532
qwen,low_to_high_q50,0.50000,frozen,LogReg,core,0.50000,0.00000,1.00000,0.00000,0.50000,5,1,120.00000,120.00000,723.86126,1447.72251,0.00000,75.24799,0.00000,1447.71427,0.01532
qwen,low_to_high_q50,0.50000,frozen,RandomForest,core,0.50000,0.00000,1.00000,0.00000,0.50000,5,1,120.00000,120.00000,723.86126,1447.72251,0.00000,75.24799,0.00000,1447.71427,0.01532
qwen,low_to_high_q75,0.75000,adaptive,LogReg,core,1.00000,0.00000,1.00000,0.00000,1.00000,5,1,120.00000,120.00000,728.42515,1456.85031,0.00000,75.72242,0.00000,1456.83826,0.02665
qwen,low_to_high_q75,0.75000,adaptive,RandomForest,core,1.00000,0.00000,1.00000,0.00000,1.00000,5,1,120.00000,120.00000,728.42515,1456.85031,0.00000,75.72242,0.00000,1456.83826,0.02665
qwen,low_to_high_q75,0.75000,frozen,LogReg,core,0.50000,0.00000,1.00000,0.00000,0.50000,5,1,120.00000,120.00000,728.42515,1456.85031,0.00000,75.72242,0.00000,1456.83826,0.02665
qwen,low_to_high_q75,0.75000,frozen,RandomForest,core,0.50000,0.00000,1.00000,0.00000,0.50000,5,1,120.00000,120.00000,728.42515,1456.85031,0.00000,75.72242,0.00000,1456.83826,0.02665
qwen,low_to_high_q90,0.90000,adaptive,LogReg,core,1.00000,0.00000,1.00000,0.00000,1.00000,5,1,120.00000,120.00000,731.87376,1463.74752,0.00000,76.08092,0.00000,1463.74273,0.01266
qwen,low_to_high_q90,0.90000,adaptive,RandomForest,core,1.00000,0.00000,1.00000,0.00000,1.00000,5,1,120.00000,120.00000,731.87376,1463.74752,0.00000,76.08092,0.00000,1463.74273,0.01266
qwen,low_to_high_q90,0.90000,frozen,LogReg,core,0.50000,0.00000,1.00000,0.00000,0.50000,5,1,120.00000,120.00000,731.87376,1463.74752,0.00000,76.08092,0.00000,1463.74273,0.01266
qwen,low_to_high_q90,0.90000,frozen,RandomForest,core,0.50000,0.00000,1.00000,0.00000,0.50000,5,1,120.00000,120.00000,731.87376,1463.74752,0.00000,76.08092,0.00000,1463.74273,0.01266
qwen,none,0.00000,adaptive,LogReg,core,1.00000,0.00000,1.00000,0.00000,1.00000,5,1,120.00000,120.00000,0.00000,0.00000,0.00000,0.00000,0.00000,,
qwen,none,0.00000,adaptive,RandomForest,core,1.00000,0.00000,1.00000,0.00000,1.00000,5,1,120.00000,120.00000,0.00000,0.00000,0.00000,0.00000,0.00000,,
qwen,none,0.00000,frozen,LogReg,core,1.00000,0.00000,1.00000,0.00000,1.00000,5,1,120.00000,120.00000,0.00000,0.00000,0.00000,0.00000,0.00000,,
qwen,none,0.00000,frozen,RandomForest,core,1.00000,0.00000,1.00000,0.00000,1.00000,5,1,120.00000,120.00000,0.00000,0.00000,0.00000,0.00000,0.00000,,
qwen,ttft_const_pad,25.00000,adaptive,LogReg,core,1.00000,0.00000,1.00000,0.00000,1.00000,5,1,120.00000,120.00000,25.00000,25.00000,25.00000,0.40946,0.00555,,
qwen,ttft_const_pad,25.00000,adaptive,RandomForest,core,1.00000,0.00000,1.00000,0.00000,1.00000,5,1,120.00000,120.00000,25.00000,25.00000,25.00000,0.40946,0.00555,,
qwen,ttft_const_pad,25.00000,frozen,LogReg,core,1.00000,0.00000,1.00000,0.00000,1.00000,5,1,120.00000,120.00000,25.00000,25.00000,25.00000,0.40946,0.00555,,
qwen,ttft_const_pad,25.00000,frozen,RandomForest,core,1.00000,0.00000,1.00000,0.00000,1.00000,5,1,120.00000,120.00000,25.00000,25.00000,25.00000,0.40946,0.00555,,
qwen,ttft_const_pad,50.00000,adaptive,LogReg,core,1.00000,0.00000,1.00000,0.00000,1.00000,5,1,120.00000,120.00000,50.00000,50.00000,50.00000,0.81892,0.01110,,
qwen,ttft_const_pad,50.00000,adaptive,RandomForest,core,1.00000,0.00000,1.00000,0.00000,1.00000,5,1,120.00000,120.00000,50.00000,50.00000,50.00000,0.81892,0.01110,,
qwen,ttft_const_pad,50.00000,frozen,LogReg,core,1.00000,0.00000,1.00000,0.00000,1.00000,5,1,120.00000,120.00000,50.00000,50.00000,50.00000,0.81892,0.01110,,
qwen,ttft_const_pad,50.00000,frozen,RandomForest,core,1.00000,0.00000,1.00000,0.00000,1.00000,5,1,120.00000,120.00000,50.00000,50.00000,50.00000,0.81892,0.01110,,
qwen,ttft_const_pad,100.00000,adaptive,LogReg,core,1.00000,0.00000,1.00000,0.00000,1.00000,5,1,120.00000,120.00000,100.00000,100.00000,100.00000,1.63785,0.02220,,
qwen,ttft_const_pad,100.00000,adaptive,RandomForest,core,1.00000,0.00000,1.00000,0.00000,1.00000,5,1,120.00000,120.00000,100.00000,100.00000,100.00000,1.63785,0.02220,,
qwen,ttft_const_pad,100.00000,frozen,LogReg,core,1.00000,0.00000,1.00000,0.00000,1.00000,5,1,120.00000,120.00000,100.00000,100.00000,100.00000,1.63785,0.02220,,
qwen,ttft_const_pad,100.00000,frozen,RandomForest,core,1.00000,0.00000,1.00000,0.00000,1.00000,5,1,120.00000,120.00000,100.00000,100.00000,100.00000,1.63785,0.02220,,
qwen,ttft_const_pad,200.00000,adaptive,LogReg,core,1.00000,0.00000,1.00000,0.00000,1.00000,5,1,120.00000,120.00000,200.00000,200.00000,200.00000,3.27569,0.04439,,
qwen,ttft_const_pad,200.00000,adaptive,RandomForest,core,1.00000,0.00000,1.00000,0.00000,1.00000,5,1,120.00000,120.00000,200.00000,200.00000,200.00000,3.27569,0.04439,,
qwen,ttft_const_pad,200.00000,frozen,LogReg,core,1.00000,0.00000,1.00000,0.00000,1.00000,5,1,120.00000,120.00000,200.00000,200.00000,200.00000,3.27569,0.04439,,
qwen,ttft_const_pad,200.00000,frozen,RandomForest,core,1.00000,0.00000,1.00000,0.00000,1.00000,5,1,120.00000,120.00000,200.00000,200.00000,200.00000,3.27569,0.04439,,
qwen,ttft_const_pad,400.00000,adaptive,LogReg,core,1.00000,0.00000,1.00000,0.00000,1.00000,5,1,120.00000,120.00000,400.00000,400.00000,400.00000,6.55139,0.08878,,
qwen,ttft_const_pad,400.00000,adaptive,RandomForest,core,1.00000,0.00000,1.00000,0.00000,1.00000,5,1,120.00000,120.00000,400.00000,400.00000,400.00000,6.55139,0.08878,,
qwen,ttft_const_pad,400.00000,frozen,LogReg,core,1.00000,0.00000,1.00000,0.00000,1.00000,5,1,120.00000,120.00000,400.00000,400.00000,400.00000,6.55139,0.08878,,
qwen,ttft_const_pad,400.00000,frozen,RandomForest,core,1.00000,0.00000,1.00000,0.00000,1.00000,5,1,120.00000,120.00000,400.00000,400.00000,400.00000,6.55139,0.08878,,
qwen,ttft_const_pad,800.00000,adaptive,LogReg,core,1.00000,0.00000,1.00000,0.00000,1.00000,5,1,120.00000,120.00000,800.00000,800.00000,800.00000,13.10278,0.17756,,
qwen,ttft_const_pad,800.00000,adaptive,RandomForest,core,1.00000,0.00000,1.00000,0.00000,1.00000,5,1,120.00000,120.00000,800.00000,800.00000,800.00000,13.10278,0.17756,,
qwen,ttft_const_pad,800.00000,frozen,LogReg,core,1.00000,0.00000,1.00000,0.00000,1.00000,5,1,120.00000,120.00000,800.00000,800.00000,800.00000,13.10278,0.17756,,
qwen,ttft_const_pad,800.00000,frozen,RandomForest,core,1.00000,0.00000,1.00000,0.00000,1.00000,5,1,120.00000,120.00000,800.00000,800.00000,800.00000,13.10278,0.17756,,
qwen,ttft_const_pad,1200.00000,adaptive,LogReg,core,1.00000,0.00000,1.00000,0.00000,1.00000,5,1,120.00000,120.00000,1200.00000,1200.00000,1200.00000,19.65417,0.26634,,
qwen,ttft_const_pad,1200.00000,adaptive,RandomForest,core,1.00000,0.00000,1.00000,0.00000,1.00000,5,1,120.00000,120.00000,1200.00000,1200.00000,1200.00000,19.65417,0.26634,,
qwen,ttft_const_pad,1200.00000,frozen,LogReg,core,1.00000,0.00000,1.00000,0.00000,1.00000,5,1,120.00000,120.00000,1200.00000,1200.00000,1200.00000,19.65417,0.26634,,
qwen,ttft_const_pad,1200.00000,frozen,RandomForest,core,1.00000,0.00000,1.00000,0.00000,1.00000,5,1,120.00000,120.00000,1200.00000,1200.00000,1200.00000,19.65417,0.26634,,
qwen,ttft_floor_pad,50.00000,adaptive,LogReg,core,1.00000,0.00000,1.00000,0.00000,1.00000,5,1,120.00000,120.00000,0.00000,0.00000,0.00000,0.00000,0.00000,,
qwen,ttft_floor_pad,50.00000,adaptive,RandomForest,core,1.00000,0.00000,1.00000,0.00000,1.00000,5,1,120.00000,120.00000,0.00000,0.00000,0.00000,0.00000,0.00000,,
qwen,ttft_floor_pad,50.00000,frozen,LogReg,core,1.00000,0.00000,1.00000,0.00000,1.00000,5,1,120.00000,120.00000,0.00000,0.00000,0.00000,0.00000,0.00000,,
qwen,ttft_floor_pad,50.00000,frozen,RandomForest,core,1.00000,0.00000,1.00000,0.00000,1.00000,5,1,120.00000,120.00000,0.00000,0.00000,0.00000,0.00000,0.00000,,
qwen,ttft_floor_pad,100.00000,adaptive,LogReg,core,1.00000,0.00000,1.00000,0.00000,1.00000,5,1,120.00000,120.00000,0.00000,38.94425,0.00000,0.63785,0.00000,,
qwen,ttft_floor_pad,100.00000,adaptive,RandomForest,core,1.00000,0.00000,1.00000,0.00000,1.00000,5,1,120.00000,120.00000,0.00000,38.94425,0.00000,0.63785,0.00000,,
qwen,ttft_floor_pad,100.00000,frozen,LogReg,core,1.00000,0.00000,1.00000,0.00000,1.00000,5,1,120.00000,120.00000,0.00000,38.94425,0.00000,0.63785,0.00000,,
qwen,ttft_floor_pad,100.00000,frozen,RandomForest,core,1.00000,0.00000,1.00000,0.00000,1.00000,5,1,120.00000,120.00000,0.00000,38.94425,0.00000,0.63785,0.00000,,
qwen,ttft_floor_pad,200.00000,adaptive,LogReg,core,1.00000,0.00000,1.00000,0.00000,1.00000,5,1,120.00000,120.00000,37.48621,138.94425,0.00000,2.27569,0.00000,,
qwen,ttft_floor_pad,200.00000,adaptive,RandomForest,core,1.00000,0.00000,1.00000,0.00000,1.00000,5,1,120.00000,120.00000,37.48621,138.94425,0.00000,2.27569,0.00000,,
qwen,ttft_floor_pad,200.00000,frozen,LogReg,core,1.00000,0.00000,1.00000,0.00000,1.00000,5,1,120.00000,120.00000,37.48621,138.94425,0.00000,2.27569,0.00000,,
qwen,ttft_floor_pad,200.00000,frozen,RandomForest,core,1.00000,0.00000,1.00000,0.00000,1.00000,5,1,120.00000,120.00000,37.48621,138.94425,0.00000,2.27569,0.00000,,
qwen,ttft_floor_pad,400.00000,adaptive,LogReg,core,1.00000,0.00000,1.00000,0.00000,1.00000,5,1,120.00000,120.00000,137.48621,338.94425,0.00000,5.55139,0.00000,,
qwen,ttft_floor_pad,400.00000,adaptive,RandomForest,core,1.00000,0.00000,1.00000,0.00000,1.00000,5,1,120.00000,120.00000,137.48621,338.94425,0.00000,5.55139,0.00000,,
qwen,ttft_floor_pad,400.00000,frozen,LogReg,core,1.00000,0.00000,1.00000,0.00000,1.00000,5,1,120.00000,120.00000,137.48621,338.94425,0.00000,5.55139,0.00000,,
qwen,ttft_floor_pad,400.00000,frozen,RandomForest,core,1.00000,0.00000,1.00000,0.00000,1.00000,5,1,120.00000,120.00000,137.48621,338.94425,0.00000,5.55139,0.00000,,
qwen,ttft_floor_pad,800.00000,adaptive,LogReg,core,1.00000,0.00000,1.00000,0.00000,1.00000,5,1,120.00000,120.00000,337.48621,738.94425,0.00000,12.10278,0.00000,,
qwen,ttft_floor_pad,800.00000,adaptive,RandomForest,core,1.00000,0.00000,1.00000,0.00000,1.00000,5,1,120.00000,120.00000,337.48621,738.94425,0.00000,12.10278,0.00000,,
qwen,ttft_floor_pad,800.00000,frozen,LogReg,core,1.00000,0.00000,1.00000,0.00000,1.00000,5,1,120.00000,120.00000,337.48621,738.94425,0.00000,12.10278,0.00000,,
qwen,ttft_floor_pad,800.00000,frozen,RandomForest,core,1.00000,0.00000,1.00000,0.00000,1.00000,5,1,120.00000,120.00000,337.48621,738.94425,0.00000,12.10278,0.00000,,
qwen,ttft_floor_pad,1200.00000,adaptive,LogReg,core,1.00000,0.00000,1.00000,0.00000,1.00000,5,1,120.00000,120.00000,537.48621,1138.94425,0.00000,18.65417,0.00000,,
qwen,ttft_floor_pad,1200.00000,adaptive,RandomForest,core,1.00000,0.00000,1.00000,0.00000,1.00000,5,1,120.00000,120.00000,537.48621,1138.94425,0.00000,18.65417,0.00000,,
qwen,ttft_floor_pad,1200.00000,frozen,LogReg,core,1.00000,0.00000,1.00000,0.00000,1.00000,5,1,120.00000,120.00000,537.48621,1138.94425,0.00000,18.65417,0.00000,,
qwen,ttft_floor_pad,1200.00000,frozen,RandomForest,core,1.00000,0.00000,1.00000,0.00000,1.00000,5,1,120.00000,120.00000,537.48621,1138.94425,0.00000,18.65417,0.00000,,
qwen,ttft_floor_pad,1600.00000,adaptive,LogReg,core,1.00000,0.00000,1.00000,0.00000,1.00000,5,1,120.00000,120.00000,929.29070,1538.94425,0.00000,25.20556,0.00000,,
qwen,ttft_floor_pad,1600.00000,adaptive,RandomForest,core,1.00000,0.00000,1.00000,0.00000,1.00000,5,1,120.00000,120.00000,929.29070,1538.94425,0.00000,25.20556,0.00000,,
qwen,ttft_floor_pad,1600.00000,frozen,LogReg,core,1.00000,0.00000,1.00000,0.00000,1.00000,5,1,120.00000,120.00000,929.29070,1538.94425,0.00000,25.20556,0.00000,,
qwen,ttft_floor_pad,1600.00000,frozen,RandomForest,core,1.00000,0.00000,1.00000,0.00000,1.00000,5,1,120.00000,120.00000,929.29070,1538.94425,0.00000,25.20556,0.00000,,
qwen,ttft_jitter_nonneg,25.00000,adaptive,LogReg,core,1.00000,0.00000,1.00000,0.00000,1.00000,5,2,120.00000,120.00000,12.68861,13.07468,12.35986,0.18207,0.00288,,
qwen,ttft_jitter_nonneg,25.00000,adaptive,RandomForest,core,1.00000,0.00000,1.00000,0.00000,1.00000,5,2,120.00000,120.00000,12.68861,13.07468,12.35986,0.18207,0.00288,,
qwen,ttft_jitter_nonneg,25.00000,frozen,LogReg,core,1.00000,0.00000,1.00000,0.00000,1.00000,5,2,120.00000,120.00000,12.68861,13.07468,12.35986,0.18207,0.00288,,
qwen,ttft_jitter_nonneg,25.00000,frozen,RandomForest,core,1.00000,0.00000,1.00000,0.00000,1.00000,5,2,120.00000,120.00000,12.68861,13.07468,12.35986,0.18207,0.00288,,
qwen,ttft_jitter_nonneg,50.00000,adaptive,LogReg,core,1.00000,0.00000,1.00000,0.00000,1.00000,5,2,120.00000,120.00000,25.03636,25.12222,25.13823,0.35829,0.00584,,
qwen,ttft_jitter_nonneg,50.00000,adaptive,RandomForest,core,1.00000,0.00000,1.00000,0.00000,1.00000,5,2,120.00000,120.00000,25.03636,25.12222,25.13823,0.35829,0.00584,,
qwen,ttft_jitter_nonneg,50.00000,frozen,LogReg,core,1.00000,0.00000,1.00000,0.00000,1.00000,5,2,120.00000,120.00000,25.03636,25.12222,25.13823,0.35829,0.00584,,
qwen,ttft_jitter_nonneg,50.00000,frozen,RandomForest,core,1.00000,0.00000,1.00000,0.00000,1.00000,5,2,120.00000,120.00000,25.03636,25.12222,25.13823,0.35829,0.00584,,
qwen,ttft_jitter_nonneg,100.00000,adaptive,LogReg,core,1.00000,0.00000,1.00000,0.00000,1.00000,5,2,120.00000,120.00000,51.43512,51.24733,51.98688,0.72984,0.01197,,
qwen,ttft_jitter_nonneg,100.00000,adaptive,RandomForest,core,1.00000,0.00000,1.00000,0.00000,1.00000,5,2,120.00000,120.00000,51.43512,51.24733,51.98688,0.72984,0.01197,,
qwen,ttft_jitter_nonneg,100.00000,frozen,LogReg,core,1.00000,0.00000,1.00000,0.00000,1.00000,5,2,120.00000,120.00000,51.43512,51.24733,51.98688,0.72984,0.01197,,
qwen,ttft_jitter_nonneg,100.00000,frozen,RandomForest,core,1.00000,0.00000,1.00000,0.00000,1.00000,5,2,120.00000,120.00000,51.43512,51.24733,51.98688,0.72984,0.01197,,
qwen,ttft_jitter_nonneg,200.00000,adaptive,LogReg,core,1.00000,0.00000,1.00000,0.00000,1.00000,5,2,120.00000,120.00000,99.69025,97.17910,102.03638,1.44890,0.02291,,
qwen,ttft_jitter_nonneg,200.00000,adaptive,RandomForest,core,1.00000,0.00000,1.00000,0.00000,1.00000,5,2,120.00000,120.00000,99.69025,97.17910,102.03638,1.44890,0.02291,,
qwen,ttft_jitter_nonneg,200.00000,frozen,LogReg,core,1.00000,0.00000,1.00000,0.00000,1.00000,5,2,120.00000,120.00000,99.69025,97.17910,102.03638,1.44890,0.02291,,
qwen,ttft_jitter_nonneg,200.00000,frozen,RandomForest,core,1.00000,0.00000,1.00000,0.00000,1.00000,5,2,120.00000,120.00000,99.69025,97.17910,102.03638,1.44890,0.02291,,
qwen,ttft_jitter_nonneg,400.00000,adaptive,LogReg,core,1.00000,0.00000,1.00000,0.00000,1.00000,5,2,120.00000,120.00000,199.74126,197.42705,201.06430,2.87374,0.04592,,
qwen,ttft_jitter_nonneg,400.00000,adaptive,RandomForest,core,1.00000,0.00000,1.00000,0.00000,1.00000,5,2,120.00000,120.00000,199.74126,197.42705,201.06430,2.87374,0.04592,,
qwen,ttft_jitter_nonneg,400.00000,frozen,LogReg,core,1.00000,0.00000,1.00000,0.00000,1.00000,5,2,120.00000,120.00000,199.74126,197.42705,201.06430,2.87374,0.04592,,
qwen,ttft_jitter_nonneg,400.00000,frozen,RandomForest,core,1.00000,0.00000,1.00000,0.00000,1.00000,5,2,120.00000,120.00000,199.74126,197.42705,201.06430,2.87374,0.04592,,
qwen,ttft_jitter_nonneg,800.00000,adaptive,LogReg,core,1.00000,0.00000,1.00000,0.00000,1.00000,5,2,120.00000,120.00000,411.44752,409.89541,411.07180,5.62348,0.09518,,
qwen,ttft_jitter_nonneg,800.00000,adaptive,RandomForest,core,1.00000,0.00000,1.00000,0.00000,1.00000,5,2,120.00000,120.00000,411.44752,409.89541,411.07180,5.62348,0.09518,,
qwen,ttft_jitter_nonneg,800.00000,frozen,LogReg,core,1.00000,0.00000,1.00000,0.00000,1.00000,5,2,120.00000,120.00000,411.44752,409.89541,411.07180,5.62348,0.09518,,
qwen,ttft_jitter_nonneg,800.00000,frozen,RandomForest,core,1.00000,0.00000,1.00000,0.00000,1.00000,5,2,120.00000,120.00000,411.44752,409.89541,411.07180,5.62348,0.09518,,
qwen,ttft_jitter_nonneg,1200.00000,adaptive,LogReg,core,1.00000,0.00000,1.00000,0.00000,1.00000,5,2,120.00000,120.00000,583.88864,573.43026,597.43579,8.24001,0.13870,,
qwen,ttft_jitter_nonneg,1200.00000,adaptive,RandomForest,core,1.00000,0.00000,1.00000,0.00000,1.00000,5,2,120.00000,120.00000,583.88864,573.43026,597.43579,8.24001,0.13870,,
qwen,ttft_jitter_nonneg,1200.00000,frozen,LogReg,core,1.00000,0.00000,1.00000,0.00000,1.00000,5,2,120.00000,120.00000,583.88864,573.43026,597.43579,8.24001,0.13870,,
qwen,ttft_jitter_nonneg,1200.00000,frozen,RandomForest,core,1.00000,0.00000,1.00000,0.00000,1.00000,5,2,120.00000,120.00000,583.88864,573.43026,597.43579,8.24001,0.13870,,
qwen,ttft_jitter_sym,25.00000,adaptive,LogReg,core,1.00000,0.00000,1.00000,0.00000,1.00000,5,2,120.00000,120.00000,-0.60891,-1.01030,-0.22348,-0.01500,-0.00004,,
qwen,ttft_jitter_sym,25.00000,adaptive,RandomForest,core,1.00000,0.00000,1.00000,0.00000,1.00000,5,2,120.00000,120.00000,-0.60891,-1.01030,-0.22348,-0.01500,-0.00004,,
qwen,ttft_jitter_sym,25.00000,frozen,LogReg,core,1.00000,0.00000,1.00000,0.00000,1.00000,5,2,120.00000,120.00000,-0.60891,-1.01030,-0.22348,-0.01500,-0.00004,,
qwen,ttft_jitter_sym,25.00000,frozen,RandomForest,core,1.00000,0.00000,1.00000,0.00000,1.00000,5,2,120.00000,120.00000,-0.60891,-1.01030,-0.22348,-0.01500,-0.00004,,
qwen,ttft_jitter_sym,50.00000,adaptive,LogReg,core,1.00000,0.00000,1.00000,0.00000,1.00000,5,2,120.00000,120.00000,-1.75520,1.03863,-4.80507,0.01318,-0.00112,,
qwen,ttft_jitter_sym,50.00000,adaptive,RandomForest,core,1.00000,0.00000,1.00000,0.00000,1.00000,5,2,120.00000,120.00000,-1.75520,1.03863,-4.80507,0.01318,-0.00112,,
qwen,ttft_jitter_sym,50.00000,frozen,LogReg,core,1.00000,0.00000,1.00000,0.00000,1.00000,5,2,120.00000,120.00000,-1.75520,1.03863,-4.80507,0.01318,-0.00112,,
qwen,ttft_jitter_sym,50.00000,frozen,RandomForest,core,1.00000,0.00000,1.00000,0.00000,1.00000,5,2,120.00000,120.00000,-1.75520,1.03863,-4.80507,0.01318,-0.00112,,
qwen,ttft_jitter_sym,100.00000,adaptive,LogReg,core,1.00000,0.00000,1.00000,0.00000,1.00000,5,2,120.00000,120.00000,-6.08216,-6.10028,-5.82027,-0.10022,-0.00134,,
qwen,ttft_jitter_sym,100.00000,adaptive,RandomForest,core,1.00000,0.00000,1.00000,0.00000,1.00000,5,2,120.00000,120.00000,-6.08216,-6.10028,-5.82027,-0.10022,-0.00134,,
qwen,ttft_jitter_sym,100.00000,frozen,LogReg,core,1.00000,0.00000,1.00000,0.00000,1.00000,5,2,120.00000,120.00000,-6.08216,-6.10028,-5.82027,-0.10022,-0.00134,,
qwen,ttft_jitter_sym,100.00000,frozen,RandomForest,core,1.00000,0.00000,1.00000,0.00000,1.00000,5,2,120.00000,120.00000,-6.08216,-6.10028,-5.82027,-0.10022,-0.00134,,
qwen,ttft_jitter_sym,200.00000,adaptive,LogReg,core,1.00000,0.00000,1.00000,0.00000,1.00000,5,2,120.00000,120.00000,4.66664,3.65170,6.24622,0.05595,0.00128,,
qwen,ttft_jitter_sym,200.00000,adaptive,RandomForest,core,1.00000,0.00000,1.00000,0.00000,1.00000,5,2,120.00000,120.00000,4.66664,3.65170,6.24622,0.05595,0.00128,,
qwen,ttft_jitter_sym,200.00000,frozen,LogReg,core,1.00000,0.00000,1.00000,0.00000,1.00000,5,2,120.00000,120.00000,4.66664,3.65170,6.24622,0.05595,0.00128,,
qwen,ttft_jitter_sym,200.00000,frozen,RandomForest,core,1.00000,0.00000,1.00000,0.00000,1.00000,5,2,120.00000,120.00000,4.66664,3.65170,6.24622,0.05595,0.00128,,
qwen,ttft_jitter_sym,400.00000,adaptive,LogReg,core,1.00000,0.00000,1.00000,0.00000,1.00000,5,2,120.00000,120.00000,-5.79972,-17.63734,5.65508,-0.29173,0.00206,,
qwen,ttft_jitter_sym,400.00000,adaptive,RandomForest,core,1.00000,0.00000,1.00000,0.00000,1.00000,5,2,120.00000,120.00000,-5.79972,-17.63734,5.65508,-0.29173,0.00206,,
qwen,ttft_jitter_sym,400.00000,frozen,LogReg,core,1.00000,0.00000,1.00000,0.00000,1.00000,5,2,120.00000,120.00000,-5.79972,-17.63734,5.65508,-0.29173,0.00206,,
qwen,ttft_jitter_sym,400.00000,frozen,RandomForest,core,1.00000,0.00000,1.00000,0.00000,1.00000,5,2,120.00000,120.00000,-5.79972,-17.63734,5.65508,-0.29173,0.00206,,
qwen,ttft_jitter_sym,800.00000,adaptive,LogReg,core,1.00000,0.00000,1.00000,0.00000,1.00000,5,2,120.00000,120.00000,-18.92247,-16.45428,-12.60540,-0.34910,-0.00156,,
qwen,ttft_jitter_sym,800.00000,adaptive,RandomForest,core,1.00000,0.00000,1.00000,0.00000,1.00000,5,2,120.00000,120.00000,-18.92247,-16.45428,-12.60540,-0.34910,-0.00156,,
qwen,ttft_jitter_sym,800.00000,frozen,LogReg,core,1.00000,0.00000,1.00000,0.00000,1.00000,5,2,120.00000,120.00000,-18.92247,-16.45428,-12.60540,-0.34910,-0.00156,,
qwen,ttft_jitter_sym,800.00000,frozen,RandomForest,core,1.00000,0.00000,1.00000,0.00000,1.00000,5,2,120.00000,120.00000,-18.92247,-16.45428,-12.60540,-0.34910,-0.00156,,
qwen,ttft_jitter_sym,1200.00000,adaptive,LogReg,core,1.00000,0.00000,1.00000,0.00000,1.00000,5,2,120.00000,120.00000,-27.07281,-27.10957,-29.50925,-0.56340,-0.00788,,
qwen,ttft_jitter_sym,1200.00000,adaptive,RandomForest,core,1.00000,0.00000,1.00000,0.00000,1.00000,5,2,120.00000,120.00000,-27.07281,-27.10957,-29.50925,-0.56340,-0.00788,,
qwen,ttft_jitter_sym,1200.00000,frozen,LogReg,core,1.00000,0.00000,1.00000,0.00000,1.00000,5,2,120.00000,120.00000,-27.07281,-27.10957,-29.50925,-0.56340,-0.00788,,
qwen,ttft_jitter_sym,1200.00000,frozen,RandomForest,core,1.00000,0.00000,1.00000,0.00000,1.00000,5,2,120.00000,120.00000,-27.07281,-27.10957,-29.50925,-0.56340,-0.00788,,
